Name,Team,Age,PA,AB,R,H,HR,TB,RBI,BB,SB,K,AVG,OBP,SLG,OPS,wOBA,WAR
"<a href=""https://www.baseball-reference.com/players/a/akejo01.shtml"">John Ake</a>",BL2,22,53,52,1,10,0,12,2,0,0,0,.192,.208,.231,.438,.203,-.32
"<a href=""https://www.baseball-reference.com/players/a/albergu01.shtml"">Gus Alberts</a>",2,23,25,21,5,5,0,5,0,4,0,0,.238,.360,.238,.598,.301,.01
"<a href=""https://www.baseball-reference.com/players/a/alexani01.shtml"">Nin Alexander</a>",2,25,70,69,2,9,0,9,0,1,0,0,.130,.143,.130,.273,.129,-.70
"<a href=""https://www.baseball-reference.com/players/a/allenhe01.shtml"">Hezekiah Allen</a>",PHI,21,3,3,0,2,0,2,0,0,0,0,.667,.667,.667,1.333,.617,.08
"<a href=""https://www.baseball-reference.com/players/a/andreed01.shtml"">Ed Andrews</a>",PHI,25,429,420,74,93,0,118,23,9,0,42,.221,.238,.281,.519,.238,.00
"<a href=""https://www.baseball-reference.com/players/a/andrewa01.shtml"">Wally Andrews</a>",LS2,24,53,49,10,10,0,17,8,4,0,0,.204,.264,.347,.611,.280,.12
"<a href=""https://www.baseball-reference.com/players/a/andrufr01.shtml"">Fred Andrus</a>",CHN,33,6,5,3,1,0,1,0,1,0,0,.200,.333,.200,.533,.275,.01
"<a href=""https://www.baseball-reference.com/players/a/annisbi01.shtml"">Bill Annis</a>",BSN,27,96,96,17,17,0,19,3,0,0,8,.177,.177,.198,.375,.172,-.90
"<a href=""https://www.baseball-reference.com/players/a/ansonca01.shtml"">Cap Anson</a>",CHN,32,504,475,108,159,21,258,102,29,0,13,.335,.373,.543,.916,.409,5.09
"<a href=""https://www.baseball-reference.com/players/a/ardnejo01.shtml"">Joe Ardner</a>",CL2,26,93,92,6,16,0,19,4,1,0,24,.174,.183,.207,.389,.179,-.70
"<a href=""https://www.baseball-reference.com/players/a/arundha01.shtml"">Harry Arundel</a>",PRO,29,4,3,2,1,0,1,1,1,0,1,.333,.500,.333,.833,.412,.04
"<a href=""https://www.baseball-reference.com/players/a/arundtu01.shtml"">Tug Arundel</a>",TL1,22,50,47,6,4,0,4,0,3,0,0,.085,.140,.085,.225,.118,-.18
"<a href=""https://www.baseball-reference.com/players/a/atkinal01.shtml"">Al Atkinson</a>",3,23,186,180,20,34,0,40,0,5,0,0,.189,.215,.222,.437,.195,-.18
"<a href=""https://www.baseball-reference.com/players/a/aydelja01.shtml"">Jake Aydelott</a>",IN2,22,46,44,1,5,0,6,0,2,0,0,.114,.152,.136,.289,.140,-.33
"<a href=""https://www.baseball-reference.com/players/b/bahrefr01.shtml"">Frank Bahret</a>",BLU,?,8,8,0,0,0,0,0,0,0,0,.000,.000,.000,.000,.000,-.18
"<a href=""https://www.baseball-reference.com/players/b/bakelje01.shtml"">Jersey Bakley</a>",3,20,205,192,24,25,0,34,0,13,0,0,.130,.185,.177,.362,.161,.00
"<a href=""https://www.baseball-reference.com/players/b/bakerch01.shtml"">Charlie Baker</a>",CHU,28,57,57,5,8,1,13,0,0,0,0,.140,.140,.228,.368,.164,-.61
"<a href=""https://www.baseball-reference.com/players/b/bakerge01.shtml"">George Baker</a>",SLU,26,322,317,39,52,0,58,0,5,0,0,.164,.177,.183,.360,.168,-.05
"<a href=""https://www.baseball-reference.com/players/b/bakerph01.shtml"">Phil Baker</a>",WSU,27,382,371,75,107,1,132,0,11,0,0,.288,.309,.356,.665,.305,1.79
"<a href=""https://www.baseball-reference.com/players/b/baldwki01.shtml"">Kid Baldwin</a>",2,19,196,192,19,38,0,50,0,4,0,0,.198,.214,.260,.475,.194,.45
"<a href=""https://www.baseball-reference.com/players/b/baldwla01.shtml"">Lady Baldwin</a>",MLU,25,27,27,6,6,0,9,0,0,0,0,.222,.222,.333,.556,.248,.18
"<a href=""https://www.baseball-reference.com/players/b/barbech01.shtml"">Charlie Barber</a>",CNU,?,215,204,38,41,0,50,0,11,0,0,.201,.242,.245,.487,.229,-.36
"<a href=""https://www.baseball-reference.com/players/b/barklsa01.shtml"">Sam Barkley</a>",TL1,26,459,435,71,133,1,193,0,22,0,0,.306,.342,.444,.786,.356,4.66
"<a href=""https://www.baseball-reference.com/players/b/barnebi01.shtml"">Bill Barnes</a>",SPU,26,30,30,2,6,0,7,0,0,0,0,.200,.200,.233,.433,.198,-.01
"<a href=""https://www.baseball-reference.com/players/b/barrbo01.shtml"">Bob Barr</a>",2,27,209,200,21,32,2,50,0,7,0,0,.160,.196,.250,.446,.197,-.55
"<a href=""https://www.baseball-reference.com/players/b/barrema01.shtml"">Marty Barrett</a>",2,23,20,19,1,1,0,2,0,1,0,4,.053,.100,.105,.205,.102,-.32
"<a href=""https://www.baseball-reference.com/players/b/bassech01.shtml"">Charley Bassett</a>",PRO,21,83,79,10,11,0,15,6,4,0,15,.139,.181,.190,.371,.176,.00
"<a href=""https://www.baseball-reference.com/players/b/bastich01.shtml"">Charlie Bastian</a>",2,26,113,106,12,21,3,40,0,7,0,0,.198,.248,.377,.625,.258,.41
"<a href=""https://www.baseball-reference.com/players/b/battijo01.shtml"">Joe Battin</a>",3,30,290,286,21,47,0,55,0,3,0,0,.164,.176,.192,.368,.161,-.14
"<a href=""https://www.baseball-reference.com/players/b/baueral01.shtml"">Al Bauer</a>",CL5,24,11,11,2,3,0,3,0,0,0,0,.273,.273,.273,.545,.252,.01
"<a href=""https://www.baseball-reference.com/players/b/beachja01.shtml"">Jack Beach</a>",WS7,?,31,31,3,3,0,5,0,0,0,0,.097,.097,.161,.258,.114,-.51
"<a href=""https://www.baseball-reference.com/players/b/beatlda01.shtml"">Dave Beadle</a>",DTN,20,3,3,0,0,0,0,0,0,0,2,.000,.000,.000,.000,.000,-.16
"<a href=""https://www.baseball-reference.com/players/b/becanbu01.shtml"">Buck Becannon</a>",NY4,24,3,3,0,0,0,0,0,0,0,0,.000,.000,.000,.000,.000,-.05
"<a href=""https://www.baseball-reference.com/players/b/beckfr01.shtml"">Frank Beck</a>",2,25,32,32,2,6,0,8,0,0,0,0,.188,.188,.250,.438,.186,.08
"<a href=""https://www.baseball-reference.com/players/b/begleed01.shtml"">Ed Bagley</a>",NY1,20,129,121,12,22,0,26,8,8,0,31,.182,.233,.215,.447,.215,-.60
"<a href=""https://www.baseball-reference.com/players/b/behelst01.shtml"">Steve Behel</a>",MLU,23,36,33,5,8,0,9,0,3,0,0,.242,.306,.273,.578,.277,.27
"<a href=""https://www.baseball-reference.com/players/b/bennech01.shtml"">Charlie Bennett</a>",DTN,29,377,341,37,90,3,129,40,36,0,40,.264,.334,.378,.713,.329,4.08
"<a href=""https://www.baseball-reference.com/players/b/benneik01.shtml"">Ike Benners</a>",2,28,221,211,25,39,1,63,0,8,0,0,.185,.222,.299,.520,.202,-.89
"<a href=""https://www.baseball-reference.com/players/b/berkefr01.shtml"">Frank Berkelbach</a>",CN2,30,27,25,3,6,0,8,3,0,0,0,.240,.296,.320,.616,.289,-.08
"<a href=""https://www.baseball-reference.com/players/b/berrych01.shtml"">Charlie Berry</a>",3,23,171,170,21,38,1,51,0,1,0,0,.224,.228,.300,.528,.221,-.65
"<a href=""https://www.baseball-reference.com/players/b/bignege01.shtml"">George Bignell</a>",MLU,25,10,9,4,2,0,2,0,1,0,0,.222,.300,.222,.522,.258,.19
"<a href=""https://www.baseball-reference.com/players/b/birchju01.shtml"">Jud Birchall</a>",PH4,28,230,221,36,57,0,63,0,4,0,0,.258,.287,.285,.572,.268,-.07
"<a href=""https://www.baseball-reference.com/players/b/bishofr01.shtml"">Frank Bishop</a>",CHU,27,16,16,1,3,0,4,0,0,0,0,.188,.188,.250,.438,.198,-.15
"<a href=""https://www.baseball-reference.com/players/b/blackbo01.shtml"">Bob Black</a>",KCU,21,156,146,25,36,1,57,0,10,0,0,.247,.295,.390,.685,.311,.53
"<a href=""https://www.baseball-reference.com/players/b/blaisdi01.shtml"">Dick Blaisdell</a>",KCU,22,16,16,1,5,0,6,0,0,0,0,.312,.312,.375,.688,.313,.11
"<a href=""https://www.baseball-reference.com/players/b/blakibo01.shtml"">Bob Blakiston</a>",2,28,162,146,21,37,0,44,0,12,0,0,.253,.327,.301,.629,.286,.31
"<a href=""https://www.baseball-reference.com/players/b/bondto01.shtml"">Tommy Bond</a>",2,28,189,185,21,51,0,62,0,4,0,0,.276,.291,.335,.626,.271,.43
"<a href=""https://www.baseball-reference.com/players/b/boylehe01.shtml"">Henry Boyle</a>",SLU,23,271,262,41,68,4,96,0,9,0,0,.260,.284,.366,.651,.296,.78
"<a href=""https://www.baseball-reference.com/players/b/bradlal01.shtml"">Al Bradley</a>",WSU,28,5,3,0,0,0,0,0,2,0,0,.000,.400,.000,.400,.290,.00
"<a href=""https://www.baseball-reference.com/players/b/bradlge01.shtml"">George Bradley</a>",CNU,31,233,226,31,43,0,61,0,7,0,0,.190,.215,.270,.485,.221,-.70
"<a href=""https://www.baseball-reference.com/players/b/bradyst01.shtml"">Steve Brady</a>",NY4,32,506,485,102,122,1,142,0,21,0,0,.252,.283,.293,.575,.268,.33
"<a href=""https://www.baseball-reference.com/players/b/brennji01.shtml"">Jack Brennan</a>",SLU,20,243,231,38,50,0,58,0,12,0,0,.216,.255,.251,.506,.239,-.43
"<a href=""https://www.baseball-reference.com/players/b/briggch01.shtml"">Charlie Briggs</a>",CHU,23,193,182,29,31,1,46,0,11,0,0,.170,.218,.253,.470,.219,-1.07
"<a href=""https://www.baseball-reference.com/players/b/brillfr01.shtml"">Frank Brill</a>",DTN,20,45,44,5,6,0,6,2,1,0,13,.136,.156,.136,.292,.139,-.42
"<a href=""https://www.baseball-reference.com/players/b/briodfa01.shtml"">Fatty Briody</a>",2,25,244,237,28,55,1,70,12,7,0,19,.232,.254,.295,.549,.243,2.10
"<a href=""https://www.baseball-reference.com/players/b/brougca01.shtml"">Cal Broughton</a>",MLU,23,39,39,5,12,0,17,0,0,0,0,.308,.308,.436,.744,.334,.00
"<a href=""https://www.baseball-reference.com/players/b/broutda01.shtml"">Dan Brouthers</a>",BFN,26,431,398,82,130,14,224,79,33,0,20,.327,.378,.563,.941,.417,5.37
"<a href=""https://www.baseball-reference.com/players/b/browned01.shtml"">Ed Brown</a>",TL1,?,155,153,13,27,0,30,0,2,0,0,.176,.187,.196,.383,.178,-1.16
"<a href=""https://www.baseball-reference.com/players/b/brownji01.shtml"">Jim Brown</a>",3,23,109,107,17,27,1,40,0,2,0,1,.252,.266,.374,.640,.267,-.01
"<a href=""https://www.baseball-reference.com/players/b/brownjo01.shtml"">Joe Brown</a>",CHN,25,61,61,6,13,0,14,3,0,0,15,.213,.213,.230,.443,.203,-.58
"<a href=""https://www.baseball-reference.com/players/b/brownle01.shtml"">Lew Brown</a>",BSU,26,338,325,50,75,1,102,0,13,0,0,.231,.260,.314,.574,.264,1.02
"<a href=""https://www.baseball-reference.com/players/b/brownpe01.shtml"">Pete Browning</a>",LS2,23,462,447,101,150,4,211,47,13,0,0,.336,.357,.472,.829,.374,.00
"<a href=""https://www.baseball-reference.com/players/b/brownto01.shtml"">Tom Brown</a>",CL5,23,479,451,93,123,5,169,32,24,0,0,.273,.315,.375,.690,.316,.00
"<a href=""https://www.baseball-reference.com/players/b/buffich01.shtml"">Charlie Buffinton</a>",BSN,23,368,352,48,94,1,121,39,16,0,12,.267,.299,.344,.643,.296,1.31
"<a href=""https://www.baseball-reference.com/players/b/bukerha01.shtml"">Henry Buker</a>",DTN,?,115,111,5,15,0,16,3,4,0,15,.135,.165,.144,.309,.149,-.67
"<a href=""https://www.baseball-reference.com/players/b/bullasi01.shtml"">Sim Bullas</a>",TL1,21,46,45,4,4,0,6,0,1,0,0,.089,.109,.133,.242,.112,-.90
"<a href=""https://www.baseball-reference.com/players/b/burcher01.shtml"">Ernie Burch</a>",CL2,27,129,124,9,26,0,30,7,5,0,24,.210,.240,.242,.482,.227,-.45
"<a href=""https://www.baseball-reference.com/players/b/burdoja01.shtml"">Jack Burdock</a>",BSN,32,376,361,65,97,6,137,49,15,0,52,.269,.298,.380,.677,.308,.00
"<a href=""https://www.baseball-reference.com/players/b/burkeja01.shtml"">James Burke</a>",BSU,?,190,184,21,41,0,55,0,6,0,0,.223,.247,.299,.546,.250,.12
"<a href=""https://www.baseball-reference.com/players/b/burnsdi01.shtml"">Dick Burns</a>",CNU,20,355,350,84,107,4,160,0,5,0,0,.306,.315,.457,.773,.345,1.34
"<a href=""https://www.baseball-reference.com/players/b/burnsoy01.shtml"">Oyster Burns</a>",2,19,149,138,34,40,6,74,23,8,0,0,.290,.342,.536,.879,.384,.02
"<a href=""https://www.baseball-reference.com/players/b/burnspa01.shtml"">John Burns</a>",2,23,32,29,3,7,0,11,0,3,0,0,.241,.312,.379,.692,.270,.11
"<a href=""https://www.baseball-reference.com/players/b/burnsto01.shtml"">Tom Burns</a>",CHN,27,356,343,54,84,7,123,44,13,0,50,.245,.272,.359,.631,.287,1.02
"<a href=""https://www.baseball-reference.com/players/b/bushodo01.shtml"">Doc Bushong</a>",CL2,27,220,203,24,48,0,56,10,17,0,11,.236,.295,.276,.571,.272,.04
"<a href=""https://www.baseball-reference.com/players/b/butlebi01.shtml"">Bill Butler</a>",IN2,?,32,31,7,7,0,14,0,1,0,0,.226,.250,.452,.702,.307,-.11
"<a href=""https://www.baseball-reference.com/players/b/butleki01.shtml"">Kid Butler</a>",BSU,23,267,255,36,43,0,58,0,12,0,0,.169,.206,.227,.433,.203,-1.69
"<a href=""https://www.baseball-reference.com/players/c/cadych01.shtml"">Charlie Cady</a>",2,19,24,23,4,2,0,5,0,1,0,0,.087,.125,.217,.342,.107,-.31
"<a href=""https://www.baseball-reference.com/players/c/cahiljo01.shtml"">John Cahill</a>",CL5,19,218,210,28,46,0,55,0,6,0,0,.219,.248,.262,.510,.237,-.33
"<a href=""https://www.baseball-reference.com/players/c/callaed01.shtml"">Ed Callahan</a>",3,26,28,27,2,9,0,9,0,1,0,0,.333,.357,.333,.690,.323,-.06
"<a href=""https://www.baseball-reference.com/players/c/callapa01.shtml"">Pat Callaghan</a>",IN2,?,266,258,38,67,2,91,0,8,0,0,.260,.282,.353,.635,.289,.25
"<a href=""https://www.baseball-reference.com/players/c/carpehi01.shtml"">Hick Carpenter</a>",CN2,28,484,474,80,121,4,153,60,6,0,0,.255,.271,.323,.593,.272,.44
"<a href=""https://www.baseball-reference.com/players/c/carroch01.shtml""> Carroll</a>",WSU,?,16,16,1,4,0,4,0,0,0,0,.250,.250,.250,.500,.231,-.14
"<a href=""https://www.baseball-reference.com/players/c/carrocl01.shtml"">Cliff Carroll</a>",PRO,24,481,452,90,118,3,151,54,29,0,39,.261,.306,.334,.640,.297,2.15
"<a href=""https://www.baseball-reference.com/players/c/carrofr01.shtml"">Fred Carroll</a>",CL5,19,270,252,46,70,6,111,0,13,0,0,.278,.326,.440,.766,.347,2.94
"<a href=""https://www.baseball-reference.com/players/c/carropa01.shtml"">Pat Carroll</a>",2,31,69,68,5,16,0,18,0,1,0,0,.235,.246,.265,.511,.231,-.13
"<a href=""https://www.baseball-reference.com/players/c/carrosc01.shtml"">Scrappy Carroll</a>",SPU,23,33,31,3,3,0,4,0,2,0,0,.097,.152,.129,.281,.140,.05
"<a href=""https://www.baseball-reference.com/players/c/carutbo01.shtml"">Bob Caruthers</a>",SL4,20,86,82,15,22,2,30,0,4,0,0,.268,.302,.366,.668,.306,-.13
"<a href=""https://www.baseball-reference.com/players/c/caseyda01.shtml"">Dan Casey</a>",WIL,21,6,6,0,1,0,1,0,0,0,0,.167,.167,.167,.333,.154,-.03
"<a href=""https://www.baseball-reference.com/players/c/caseyde01.shtml"">Dennis Casey</a>",2,26,162,157,21,39,3,64,0,5,0,0,.248,.272,.408,.679,.301,-.01
"<a href=""https://www.baseball-reference.com/players/c/caskied01.shtml"">Ed Caskin</a>",NY1,32,385,351,49,81,1,97,40,34,0,55,.231,.299,.276,.575,.275,.85
"<a href=""https://www.baseball-reference.com/players/c/cassijo01.shtml"">John Cassidy</a>",BR3,?,454,433,57,109,2,138,0,19,0,0,.252,.286,.319,.605,.280,-.77
"<a href=""https://www.baseball-reference.com/players/c/cattajo01.shtml"">John Cattanach</a>",2,21,11,11,0,0,0,0,0,0,0,2,.000,.000,.000,.000,.000,-.23
"<a href=""https://www.baseball-reference.com/players/c/chattji01.shtml"">Jim Chatterton</a>",KCU,19,17,15,4,2,0,3,0,2,0,0,.133,.235,.200,.435,.217,-.04
"<a href=""https://www.baseball-reference.com/players/c/clarkjo01.shtml"">John Clarkson</a>",CHN,22,86,84,16,22,3,41,17,2,0,16,.262,.279,.488,.767,.338,.25
"<a href=""https://www.baseball-reference.com/players/c/clemeja01.shtml"">Jack Clements</a>",2,19,220,207,40,57,3,83,0,13,0,8,.275,.318,.401,.719,.298,.91
"<a href=""https://www.baseball-reference.com/players/c/cleveel01.shtml"">Elmer Cleveland</a>",CNU,21,119,115,24,37,0,50,0,4,0,0,.322,.345,.435,.779,.354,.67
"<a href=""https://www.baseball-reference.com/players/c/clinemo01.shtml"">Monk Cline</a>",LS2,26,427,396,91,115,2,151,39,27,0,0,.290,.342,.381,.723,.334,2.57
"<a href=""https://www.baseball-reference.com/players/c/clintji01.shtml"">Jim Clinton</a>",BL2,33,479,437,82,118,4,154,0,29,0,0,.270,.334,.352,.686,.321,.77
"<a href=""https://www.baseball-reference.com/players/c/colemjo01.shtml"">John Coleman</a>",2,21,291,278,32,64,2,89,22,13,0,20,.230,.265,.320,.585,.254,.04
"<a href=""https://www.baseball-reference.com/players/c/colgaed01.shtml"">Billy Colgan</a>",PT1,?,164,161,10,25,0,31,0,3,0,0,.155,.171,.193,.363,.168,-.86
"<a href=""https://www.baseball-reference.com/players/c/collich01.shtml"">Chub Collins</a>",2,26,330,307,42,61,0,72,20,23,0,36,.199,.255,.235,.489,.227,-.30
"<a href=""https://www.baseball-reference.com/players/c/comisch01.shtml"">Charlie Comiskey</a>",SL4,24,470,460,76,109,2,144,84,5,0,0,.237,.253,.313,.566,.259,.62
"<a href=""https://www.baseball-reference.com/players/c/conleed01.shtml"">Ed Conley</a>",PRO,19,28,28,0,4,0,4,0,0,0,9,.143,.143,.143,.286,.132,-.30
"<a href=""https://www.baseball-reference.com/players/c/connojo01.shtml"">Joe Connors</a>",2,?,23,22,2,2,0,2,0,1,0,0,.091,.130,.091,.221,.112,-.24
"<a href=""https://www.baseball-reference.com/players/c/connojo02.shtml"">John Connor</a>",BSN,22,26,25,1,2,0,2,1,1,0,13,.080,.115,.080,.195,.099,-.40
"<a href=""https://www.baseball-reference.com/players/c/connoro01.shtml"">Roger Connor</a>",NY1,26,515,477,98,151,4,199,82,38,0,32,.317,.367,.417,.784,.360,2.97
"<a href=""https://www.baseball-reference.com/players/c/conwabi01.shtml"">Bill Conway</a>",PHI,22,4,4,0,0,0,0,0,0,0,1,.000,.000,.000,.000,.000,-.15
"<a href=""https://www.baseball-reference.com/players/c/conwaji01.shtml"">Jim Conway</a>",BR3,25,47,47,1,6,0,6,0,0,0,0,.128,.128,.128,.255,.118,-.44
"<a href=""https://www.baseball-reference.com/players/c/cookpa01.shtml"">Paul Cook</a>",PHI,21,12,12,0,1,0,1,0,0,0,2,.083,.083,.083,.167,.077,-.22
"<a href=""https://www.baseball-reference.com/players/c/corcoja01.shtml"">Jack Corcoran</a>",BR3,26,195,185,17,39,0,49,0,8,0,0,.211,.251,.265,.516,.242,-.53
"<a href=""https://www.baseball-reference.com/players/c/corcola01.shtml"">Larry Corcoran</a>",CHN,24,261,251,43,61,1,75,19,10,0,33,.243,.272,.299,.571,.264,.03
"<a href=""https://www.baseball-reference.com/players/c/corcomi01.shtml"">Mike Corcoran</a>",CHN,25,4,3,0,0,0,0,0,1,0,1,.000,.250,.000,.250,.181,-.03
"<a href=""https://www.baseball-reference.com/players/c/coreyfr01.shtml"">Fred Corey</a>",PH4,?,458,439,64,121,5,185,0,17,0,0,.276,.306,.421,.727,.327,3.25
"<a href=""https://www.baseball-reference.com/players/c/corkhpo01.shtml"">Pop Corkhill</a>",CN2,26,462,452,85,124,4,171,70,6,0,0,.274,.290,.378,.668,.303,.00
"<a href=""https://www.baseball-reference.com/players/c/corriph01.shtml"">Phil Coridan</a>",CHU,25,7,7,1,1,0,1,0,0,0,0,.143,.143,.143,.286,.132,-.07
"<a href=""https://www.baseball-reference.com/players/c/coughed01.shtml"">Ed Coughlin</a>",BFN,22,4,4,0,1,0,1,1,0,0,2,.250,.250,.250,.500,.231,-.04
"<a href=""https://www.baseball-reference.com/players/c/coxfr01.shtml"">Frank Cox</a>",DTN,26,104,102,6,13,0,18,4,2,0,36,.127,.144,.176,.321,.148,-1.02
"<a href=""https://www.baseball-reference.com/players/c/craneed01.shtml"">Ed Crane</a>",BSU,22,442,428,83,122,12,193,0,14,0,0,.285,.308,.451,.759,.340,.00
"<a href=""https://www.baseball-reference.com/players/c/cranesa01.shtml"">Sam Crane</a>",CNU,30,320,309,56,72,1,90,0,11,0,0,.233,.259,.291,.551,.254,-1.29
"<a href=""https://www.baseball-reference.com/players/c/creamge01.shtml"">George Creamer</a>",PT1,?,357,339,38,62,0,80,0,16,0,0,.183,.224,.236,.460,.216,.16
"<a href=""https://www.baseball-reference.com/players/c/creegma01.shtml"">Mark Creegan</a>",WSU,19,34,33,4,5,0,5,0,1,0,0,.152,.176,.152,.328,.157,-.60
"<a href=""https://www.baseball-reference.com/players/c/cronida01.shtml"">Dan Cronin</a>",2,27,9,9,1,1,0,1,0,0,0,0,.111,.111,.111,.222,.103,-.20
"<a href=""https://www.baseball-reference.com/players/c/crosbge01.shtml"">George Crosby</a>",CHN,26,13,13,1,4,1,7,1,0,0,1,.308,.308,.538,.846,.374,.10
"<a href=""https://www.baseball-reference.com/players/c/crosscl01.shtml"">Clarence Cross</a>",3,28,117,109,14,26,0,28,0,8,0,0,.239,.291,.257,.547,.258,.07
"<a href=""https://www.baseball-reference.com/players/c/crothdo01.shtml"">Doug Crothers</a>",KCU,24,15,15,2,2,0,2,0,0,0,0,.133,.133,.133,.267,.123,-.09
"<a href=""https://www.baseball-reference.com/players/c/crottjo01.shtml"">Joe Crotty</a>",CNU,24,85,84,11,22,1,33,0,1,0,0,.262,.271,.393,.663,.297,.03
"<a href=""https://www.baseball-reference.com/players/c/crowlbi01.shtml"">Bill Crowley</a>",BSN,27,440,407,50,110,6,154,61,33,0,74,.270,.325,.378,.703,.324,1.45
"<a href=""https://www.baseball-reference.com/players/c/crowljo01.shtml"">John Crowley</a>",PHI,22,183,168,26,41,0,54,19,15,0,21,.244,.306,.321,.627,.293,.19
"<a href=""https://www.baseball-reference.com/players/c/cudwoji01.shtml"">Jim Cudworth</a>",KCU,25,118,116,7,17,0,22,0,2,0,0,.147,.161,.190,.351,.162,-.60
"<a href=""https://www.baseball-reference.com/players/c/cuffjo01.shtml"">John Cuff</a>",BLU,19,12,11,1,1,0,2,0,1,0,0,.091,.167,.182,.348,.170,-.25
"<a href=""https://www.baseball-reference.com/players/c/cullejo01.shtml"">John Cullen</a>",WIL,29,32,31,2,6,0,6,0,1,0,0,.194,.219,.194,.412,.196,-.27
"<a href=""https://www.baseball-reference.com/players/c/currywe01.shtml"">Wes Curry</a>",RIC,24,8,8,1,2,0,2,0,0,0,0,.250,.250,.250,.500,.231,.00
"<a href=""https://www.baseball-reference.com/players/c/cushmed01.shtml"">Ed Cushman</a>",MLU,32,13,11,1,1,0,1,0,2,0,0,.091,.231,.091,.322,.183,.00
"<a href=""https://www.baseball-reference.com/players/c/cusicto01.shtml"">Andy Cusick</a>",2,26,64,63,2,9,0,9,1,1,0,3,.143,.156,.143,.299,.141,-.59
"<a href=""https://www.baseball-reference.com/players/c/cuthbne01.shtml"">Ned Cuthbert</a>",BLU,39,178,168,29,34,0,39,0,10,0,0,.202,.247,.232,.479,.228,-1.41
"<a href=""https://www.baseball-reference.com/players/d/dailyhu01.shtml"">Hugh Daily</a>",2,36,210,201,21,43,0,51,0,9,0,0,.214,.248,.254,.501,.220,.17
"<a href=""https://www.baseball-reference.com/players/d/daisege01.shtml"">George Daisy</a>",ALT,27,4,4,0,0,0,0,0,0,0,0,.000,.000,.000,.000,.000,-.09
"<a href=""https://www.baseball-reference.com/players/d/dalryab01.shtml"">Abner Dalrymple</a>",CHN,26,535,521,111,161,22,263,69,14,0,39,.309,.327,.505,.832,.370,3.58
"<a href=""https://www.baseball-reference.com/players/d/dalyto01.shtml"">Tom Daly</a>",PHU,18,8,8,0,0,0,0,0,0,0,0,.000,.000,.000,.000,.000,-.14
"<a href=""https://www.baseball-reference.com/players/d/daniech01.shtml"">Charlie Daniels</a>",BSU,22,13,11,1,3,0,3,0,2,0,0,.273,.385,.273,.657,.325,.08
"<a href=""https://www.baseball-reference.com/players/d/davisda01.shtml"">Daisy Davis</a>",2,25,108,103,5,15,0,17,0,5,0,9,.146,.185,.165,.350,.162,-.41
"<a href=""https://www.baseball-reference.com/players/d/davisju01.shtml"">Jumbo Davis</a>",KCU,22,29,29,3,6,0,6,0,0,0,0,.207,.207,.207,.414,.191,.00
"<a href=""https://www.baseball-reference.com/players/d/deaglre01.shtml"">Ren Deagle</a>",2,26,59,58,3,6,0,7,3,1,0,0,.103,.119,.121,.239,.113,-.57
"<a href=""https://www.baseball-reference.com/players/d/dealypa01.shtml"">Pat Dealy</a>",SPU,22,15,15,2,2,0,2,0,0,0,0,.133,.133,.133,.267,.123,-.01
"<a href=""https://www.baseball-reference.com/players/d/deasljo01.shtml"">John Deasley</a>",2,23,179,174,23,36,0,41,0,5,0,0,.207,.229,.236,.465,.211,-.44
"<a href=""https://www.baseball-reference.com/players/d/deaslpa01.shtml"">Pat Deasley</a>",SL4,26,264,254,27,52,0,65,0,7,0,0,.205,.235,.256,.491,.228,.52
"<a href=""https://www.baseball-reference.com/players/d/deckeha01.shtml"">Harry Decker</a>",2,19,96,90,9,14,0,17,0,6,0,0,.156,.208,.189,.397,.188,-.23
"<a href=""https://www.baseball-reference.com/players/d/deeji01.shtml"">Jim Dee</a>",PT1,19,41,40,0,5,0,5,0,1,0,0,.125,.146,.125,.271,.130,-.30
"<a href=""https://www.baseball-reference.com/players/d/dennyje01.shtml"">Jerry Denny</a>",PRO,25,453,439,57,109,6,167,59,14,0,58,.248,.272,.380,.652,.294,.00
"<a href=""https://www.baseball-reference.com/players/d/depanmi01.shtml"">Mike DePangher</a>",PHI,25,11,10,0,2,0,2,0,1,0,3,.200,.273,.200,.473,.234,-.09
"<a href=""https://www.baseball-reference.com/players/d/dickebu01.shtml"">Buttercup Dickerson</a>",3,25,312,295,64,93,1,121,0,15,0,0,.315,.353,.410,.763,.324,2.10
"<a href=""https://www.baseball-reference.com/players/d/dolanto01.shtml"">Tom Dolan</a>",2,29,217,206,28,49,0,62,0,10,0,0,.238,.276,.301,.577,.251,.00
"<a href=""https://www.baseball-reference.com/players/d/donneji01.shtml"">Jim Donnelly</a>",IN2,18,143,134,22,34,0,40,0,5,0,0,.254,.301,.299,.599,.282,.00
"<a href=""https://www.baseball-reference.com/players/d/donneji02.shtml"">Jim Donnelly</a>",KCU,17,24,23,2,3,0,4,0,1,0,0,.130,.167,.174,.341,.162,-.11
"<a href=""https://www.baseball-reference.com/players/d/dorgaje01.shtml"">Jerry Dorgan</a>",2,?,158,154,24,46,0,54,0,2,0,0,.299,.316,.351,.667,.288,.01
"<a href=""https://www.baseball-reference.com/players/d/dorgami01.shtml"">Mike Dorgan</a>",NY1,30,354,341,61,94,1,120,48,13,0,27,.276,.302,.352,.654,.300,.86
"<a href=""https://www.baseball-reference.com/players/d/dorseje01.shtml"">Joseph Dorsey</a>",BLU,?,3,3,0,0,0,0,0,0,0,0,.000,.000,.000,.000,.000,-.07
"<a href=""https://www.baseball-reference.com/players/d/doughch01.shtml"">Charlie Dougherty</a>",ALT,22,87,85,6,22,0,27,0,2,0,0,.259,.276,.318,.594,.273,-.50
"<a href=""https://www.baseball-reference.com/players/d/dowcl01.shtml"">Clarence Dow</a>",BSU,29,6,6,1,2,0,2,0,0,0,0,.333,.333,.333,.667,.308,.01
"<a href=""https://www.baseball-reference.com/players/d/doyleco01.shtml"">Conny Doyle</a>",PT1,?,60,58,8,17,0,24,0,2,0,0,.293,.317,.414,.730,.330,.16
"<a href=""https://www.baseball-reference.com/players/d/drakely01.shtml"">Lyman Drake</a>",WS7,32,7,7,0,2,0,3,2,0,0,0,.286,.286,.429,.714,.319,-.06
"<a href=""https://www.baseball-reference.com/players/d/drewda01.shtml"">Dave Drew</a>",2,?,63,62,9,20,0,25,0,1,0,0,.323,.333,.403,.737,.335,.30
"<a href=""https://www.baseball-reference.com/players/d/driscde01.shtml"">Denny Driscoll</a>",LS2,28,50,48,5,9,0,10,1,2,0,0,.188,.220,.208,.428,.203,-.14
"<a href=""https://www.baseball-reference.com/players/d/duganbi01.shtml"">Bill Dugan</a>",2,?,35,34,4,3,0,4,0,0,0,0,.088,.114,.118,.232,.101,-.38
"<a href=""https://www.baseball-reference.com/players/d/duganed01.shtml"">Ed Dugan</a>",RIC,?,76,70,4,8,0,8,0,5,0,0,.114,.184,.114,.298,.155,-.50
"<a href=""https://www.baseball-reference.com/players/d/dundoed01.shtml"">Ed Dundon</a>",CL5,24,92,86,6,12,0,18,0,5,0,0,.140,.196,.209,.405,.193,-.43
"<a href=""https://www.baseball-reference.com/players/d/dunlafr01.shtml"">Fred Dunlap</a>",SLU,25,478,449,160,185,13,279,0,29,0,0,.412,.448,.621,1.069,.477,.00
"<a href=""https://www.baseball-reference.com/players/d/dunnst01.shtml"">Steve Dunn</a>",SPU,25,32,32,2,8,0,10,0,0,0,0,.250,.250,.312,.562,.255,.16
"<a href=""https://www.baseball-reference.com/players/d/dwighal01.shtml"">Al Dwight</a>",KCU,28,45,43,8,10,0,12,0,2,0,0,.233,.267,.279,.546,.255,.30
"<a href=""https://www.baseball-reference.com/players/e/eastehe01.shtml"">Henry Easterday</a>",PHU,19,120,115,12,28,0,33,0,5,0,0,.243,.275,.287,.562,.262,.13
"<a href=""https://www.baseball-reference.com/players/e/edench01.shtml"">Charlie Eden</a>",PT1,29,135,122,12,33,1,51,0,7,0,0,.270,.341,.418,.759,.348,.28
"<a href=""https://www.baseball-reference.com/players/e/eggleda01.shtml"">Dave Eggler</a>",BFN,35,247,241,25,47,0,52,20,6,0,54,.195,.215,.216,.430,.201,-1.70
"<a href=""https://www.baseball-reference.com/players/e/ellicjo01.shtml"">Joe Ellick</a>",3,30,447,429,73,97,0,108,0,18,0,0,.226,.257,.252,.509,.230,-.80
"<a href=""https://www.baseball-reference.com/players/e/elybo01.shtml"">Bones Ely</a>",BFN,21,4,4,0,0,0,0,0,0,0,2,.000,.000,.000,.000,.000,.00
"<a href=""https://www.baseball-reference.com/players/e/emslibo01.shtml"">Bob Emslie</a>",BL2,25,197,195,21,37,0,49,0,2,0,0,.190,.198,.251,.449,.204,-.71
"<a href=""https://www.baseball-reference.com/players/e/esterdu01.shtml"">Dude Esterbrook</a>",NY4,27,499,477,110,150,1,204,0,12,0,0,.314,.345,.428,.772,.352,4.78
"<a href=""https://www.baseball-reference.com/players/e/evansja01.shtml"">Jake Evans</a>",CL2,27,328,313,32,81,1,108,38,15,0,49,.259,.293,.345,.638,.293,1.15
"<a href=""https://www.baseball-reference.com/players/e/eversto01.shtml"">Tom Evers</a>",WSU,32,434,427,54,99,0,107,0,7,0,0,.232,.244,.251,.495,.230,-1.91
"<a href=""https://www.baseball-reference.com/players/e/ewingbu01.shtml"">Buck Ewing</a>",NY1,24,410,382,90,106,3,170,41,28,0,22,.277,.327,.445,.772,.347,4.65
"<a href=""https://www.baseball-reference.com/players/e/ewingjo01.shtml"">John Ewing</a>",2,21,9,9,1,1,0,3,0,0,0,0,.111,.111,.333,.444,.184,-.07
"<a href=""https://www.baseball-reference.com/players/f/faatzja01.shtml"">Jay Faatz</a>",PT1,24,117,112,18,27,0,35,0,1,0,0,.241,.274,.312,.586,.271,.05
"<a href=""https://www.baseball-reference.com/players/f/falchan01.shtml"">Anton Falch</a>",MLU,23,18,18,0,2,0,2,0,0,0,0,.111,.111,.111,.222,.103,-.24
"<a href=""https://www.baseball-reference.com/players/f/farleto01.shtml"">Lawrence Farley</a>",WS7,27,54,52,5,11,0,15,0,1,0,0,.212,.241,.288,.529,.244,-.05
"<a href=""https://www.baseball-reference.com/players/f/farrasi01.shtml"">Sid Farrar</a>",PHI,24,437,428,62,105,1,136,45,9,0,25,.245,.261,.318,.579,.264,1.35
"<a href=""https://www.baseball-reference.com/players/f/farreja02.shtml"">Jack Farrell</a>",PRO,26,504,469,70,102,1,130,37,35,0,44,.217,.272,.277,.549,.259,2.58
"<a href=""https://www.baseball-reference.com/players/f/farrejo01.shtml"">Joe Farrell</a>",DTN,?,475,461,59,104,3,133,41,14,0,66,.226,.248,.289,.537,.247,.48
"<a href=""https://www.baseball-reference.com/players/f/farrojo01.shtml"">John Farrow</a>",BR3,30,61,58,7,11,0,13,0,3,0,0,.190,.230,.224,.454,.215,-.01
"<a href=""https://www.baseball-reference.com/players/f/fennefr01.shtml"">Frank Fennelly</a>",2,24,412,379,94,118,4,182,0,31,0,0,.311,.367,.480,.847,.353,2.79
"<a href=""https://www.baseball-reference.com/players/f/fergubo01.shtml"">Bob Ferguson</a>",PT1,39,41,41,2,6,0,6,0,0,0,0,.146,.146,.146,.293,.135,-.57
"<a href=""https://www.baseball-reference.com/players/f/ferguch01.shtml"">Charlie Ferguson</a>",PHI,21,222,203,26,50,0,62,20,19,0,54,.246,.311,.305,.616,.291,.43
"<a href=""https://www.baseball-reference.com/players/f/fieldji01.shtml"">Jim Field</a>",CL5,21,452,417,74,97,4,132,0,23,0,0,.233,.292,.317,.609,.285,.00
"<a href=""https://www.baseball-reference.com/players/f/firthte01.shtml"">John Firth</a>",RIC,29,3,3,0,1,0,1,0,0,0,0,.333,.333,.333,.667,.308,.01
"<a href=""https://www.baseball-reference.com/players/f/fishe01.shtml"">John Fischer</a>",PHU,27,39,36,7,8,0,10,0,3,0,0,.222,.282,.278,.560,.265,-.04
"<a href=""https://www.baseball-reference.com/players/f/fishech02.shtml"">Charlie Fisher</a>",2,32,44,43,4,10,0,12,0,1,0,0,.233,.250,.279,.529,.227,-.15
"<a href=""https://www.baseball-reference.com/players/f/fishege01.shtml"">George Fisher</a>",2,28,53,53,2,5,0,5,0,0,0,3,.094,.094,.094,.189,.087,-.76
"<a href=""https://www.baseball-reference.com/players/f/flintsi01.shtml"">Silver Flint</a>",CHN,28,286,279,35,57,9,93,45,7,0,57,.204,.224,.333,.557,.250,.03
"<a href=""https://www.baseball-reference.com/players/f/flynnjo01.shtml"">Joe Flynn</a>",2,22,253,240,42,59,4,90,0,13,0,0,.246,.285,.375,.660,.274,-.23
"<a href=""https://www.baseball-reference.com/players/f/fogarji01.shtml"">Jim Fogarty</a>",PHI,20,398,378,42,80,1,107,37,20,0,54,.212,.251,.283,.534,.248,.39
"<a href=""https://www.baseball-reference.com/players/f/foleywi01.shtml"">Will Foley</a>",CHU,28,76,71,15,20,0,23,0,5,0,0,.282,.329,.324,.653,.306,.20
"<a href=""https://www.baseball-reference.com/players/f/forceda01.shtml"">Davy Force</a>",BFN,34,430,403,47,83,0,102,36,27,0,41,.206,.256,.253,.509,.241,.71
"<a href=""https://www.baseball-reference.com/players/f/forded01.shtml"">Ed Ford</a>",RIC,22,5,5,0,0,0,0,0,0,0,0,.000,.000,.000,.000,.000,-.09
"<a href=""https://www.baseball-reference.com/players/f/foremfr01.shtml"">Frank Foreman</a>",2,21,14,14,0,1,0,1,0,0,0,0,.071,.071,.071,.143,.066,.00
"<a href=""https://www.baseball-reference.com/players/f/forstto01.shtml"">Tom Forster</a>",PT1,25,133,126,10,28,0,33,0,7,0,0,.222,.263,.262,.525,.247,.05
"<a href=""https://www.baseball-reference.com/players/f/fostero02.shtml"">Robert Foster</a>",2,27,17,14,4,3,0,5,0,3,0,0,.214,.353,.357,.710,.291,-.02
"<a href=""https://www.baseball-reference.com/players/f/foutzda01.shtml"">Dave Foutz</a>",SL4,27,127,119,17,27,0,31,0,8,0,0,.227,.276,.261,.536,.254,-.31
"<a href=""https://www.baseball-reference.com/players/f/foxjo01.shtml"">John Fox</a>",PT1,25,25,25,4,6,0,8,0,0,0,0,.240,.240,.320,.560,.253,.03
"<a href=""https://www.baseball-reference.com/players/f/frank01.shtml""> Franklin</a>",WSU,?,3,3,0,0,0,0,0,0,0,0,.000,.000,.000,.000,.000,-.06
"<a href=""https://www.baseball-reference.com/players/f/friespe01.shtml"">Pete Fries</a>",IN2,26,4,3,0,1,0,2,0,1,0,0,.333,.500,.667,1.167,.509,.07
"<a href=""https://www.baseball-reference.com/players/f/fulmech01.shtml"">Chick Fulmer</a>",2,33,120,119,13,20,0,24,8,1,0,0,.168,.175,.202,.377,.160,-.84
"<a href=""https://www.baseball-reference.com/players/f/fulmech02.shtml"">Chris Fulmer</a>",WSU,25,192,181,39,50,0,59,0,11,0,0,.276,.318,.326,.644,.301,1.70
"<a href=""https://www.baseball-reference.com/players/f/fusseed01.shtml"">Eddie Fusselback</a>",BLU,27,306,303,60,86,1,111,0,3,0,0,.284,.291,.366,.657,.298,1.19
"<a href=""https://www.baseball-reference.com/players/g/gagusch01.shtml"">Charlie Geggus</a>",WSU,22,158,154,14,38,0,47,0,4,0,0,.247,.266,.305,.571,.263,.00
"<a href=""https://www.baseball-reference.com/players/g/gallabi01.shtml"">Bill Gallagher</a>",PHU,18,11,11,1,1,0,1,0,0,0,0,.091,.091,.091,.182,.084,-.09
"<a href=""https://www.baseball-reference.com/players/g/galvilo01.shtml"">Lou Galvin</a>",SPU,21,9,9,0,2,0,2,0,0,0,0,.222,.222,.222,.444,.206,.07
"<a href=""https://www.baseball-reference.com/players/g/galvipu01.shtml"">Pud Galvin</a>",BFN,27,276,274,34,49,0,57,24,2,0,80,.179,.185,.208,.393,.181,-2.04
"<a href=""https://www.baseball-reference.com/players/g/ganzech01.shtml"">Charlie Ganzel</a>",SPU,22,23,23,2,5,0,5,0,0,0,0,.217,.217,.217,.435,.201,.00
"<a href=""https://www.baseball-reference.com/players/g/gardnal01.shtml"">Alex Gardner</a>",WS7,23,3,3,0,0,0,0,0,0,0,0,.000,.000,.000,.000,.000,-.25
"<a href=""https://www.baseball-reference.com/players/g/gardngi01.shtml"">Gid Gardner</a>",3,25,352,326,54,76,2,118,0,24,0,0,.233,.290,.362,.652,.260,.00
"<a href=""https://www.baseball-reference.com/players/g/gastfed01.shtml"">Ed Gastfield</a>",DTN,18,84,82,6,6,0,7,2,2,0,34,.073,.095,.085,.181,.088,.00
"<a href=""https://www.baseball-reference.com/players/g/geerbi01.shtml"">Billy Geer</a>",2,?,470,427,75,91,0,124,0,42,0,0,.213,.285,.290,.576,.269,.07
"<a href=""https://www.baseball-reference.com/players/g/geisbi01.shtml"">Bill Geiss</a>",DTN,25,289,283,22,50,2,75,16,6,0,60,.177,.194,.265,.459,.208,-1.43
"<a href=""https://www.baseball-reference.com/players/g/gerhajo01.shtml"">Joe Gerhardt</a>",LS2,29,422,404,39,89,0,112,40,13,0,0,.220,.254,.277,.531,.247,2.15
"<a href=""https://www.baseball-reference.com/players/g/getzich01.shtml"">Pretzels Getzien</a>",DTN,20,60,55,4,6,0,6,1,5,0,20,.109,.183,.109,.292,.153,-.52
"<a href=""https://www.baseball-reference.com/players/g/gillepe01.shtml"">Patrick Gillespie</a>",NY1,32,432,413,75,109,2,130,44,19,0,35,.264,.296,.315,.611,.284,.43
"<a href=""https://www.baseball-reference.com/players/g/gilleto01.shtml"">Tom Gillen</a>",PHU,22,117,116,5,18,0,20,0,1,0,0,.155,.162,.172,.335,.155,-1.29
"<a href=""https://www.baseball-reference.com/players/g/gilliba01.shtml"">Barney Gilligan</a>",PRO,28,329,294,47,72,1,92,38,35,0,41,.245,.325,.313,.638,.303,3.33
"<a href=""https://www.baseball-reference.com/players/g/gilmapi01.shtml"">Pit Gilman</a>",CL2,20,10,10,0,1,0,1,0,0,0,3,.100,.100,.100,.200,.092,-.16
"<a href=""https://www.baseball-reference.com/players/g/gladmbu01.shtml"">Buck Gladmon</a>",WS7,20,230,224,17,35,1,49,0,3,0,0,.156,.178,.219,.397,.183,-1.26
"<a href=""https://www.baseball-reference.com/players/g/glassja01.shtml"">Jack Glasscock</a>",2,26,486,453,93,142,3,182,22,33,0,16,.313,.360,.402,.762,.341,.00
"<a href=""https://www.baseball-reference.com/players/g/gleasbi01.shtml"">Bill Gleason</a>",SL4,25,511,472,97,127,1,165,0,27,0,0,.269,.325,.350,.674,.314,2.56
"<a href=""https://www.baseball-reference.com/players/g/gleasja01.shtml"">Jack Gleason</a>",SLU,29,418,395,90,128,4,174,0,23,0,0,.324,.361,.441,.802,.365,3.13
"<a href=""https://www.baseball-reference.com/players/g/glenned01.shtml"">Ed Glenn</a>",RIC,24,181,175,26,43,1,56,0,5,0,0,.246,.271,.320,.591,.271,.00
"<a href=""https://www.baseball-reference.com/players/g/goldsfr01.shtml"">Fred Goldsmith</a>",2,28,104,95,13,13,2,21,6,9,0,26,.137,.212,.221,.433,.201,-.54
"<a href=""https://www.baseball-reference.com/players/g/goldswa02.shtml"">Walt Goldsby</a>",3,22,87,84,10,22,0,23,8,2,0,0,.262,.287,.274,.561,.264,.05
"<a href=""https://www.baseball-reference.com/players/g/gorege01.shtml"">George Gore</a>",CHN,30,483,422,104,134,5,175,34,61,0,26,.318,.404,.415,.818,.381,4.17
"<a href=""https://www.baseball-reference.com/players/g/gormaja01.shtml"">Jack Gorman</a>",2,?,59,58,6,8,0,11,0,1,0,0,.138,.153,.190,.342,.150,-.58
"<a href=""https://www.baseball-reference.com/players/g/gormato04.shtml"">Thomas Gorman</a>",KCU,?,110,106,22,34,0,42,0,4,0,0,.321,.345,.396,.742,.340,.49
"<a href=""https://www.baseball-reference.com/players/g/gradyjo01.shtml"">John Grady</a>",ALT,25,38,36,5,11,0,14,0,2,0,0,.306,.342,.389,.731,.336,.00
"<a href=""https://www.baseball-reference.com/players/g/grahabe01.shtml"">Bernie Graham</a>",2,?,174,172,23,46,0,57,0,2,0,0,.267,.276,.331,.607,.277,-.04
"<a href=""https://www.baseball-reference.com/players/g/grayji01.shtml"">Jim Gray</a>",PT1,21,2,2,0,1,0,1,0,0,0,0,.500,.500,.500,1.000,.462,.03
"<a href=""https://www.baseball-reference.com/players/g/greenbi01.shtml"">Bill Greenwood</a>",BR3,27,396,385,52,83,3,106,0,10,0,0,.216,.237,.275,.513,.236,-.34
"<a href=""https://www.baseball-reference.com/players/g/greenji01.shtml"">Jim Green</a>",WSU,30,36,36,4,5,0,6,0,0,0,0,.139,.139,.167,.306,.139,-.19
"<a href=""https://www.baseball-reference.com/players/g/griffsa01.shtml"">Sandy Griffin</a>",NY1,25,63,62,7,11,0,13,6,1,0,19,.177,.190,.210,.400,.185,-.73
"<a href=""https://www.baseball-reference.com/players/g/griffth01.shtml"">Thomas Griffin</a>",MLU,27,44,41,5,9,0,11,0,3,0,0,.220,.273,.268,.541,.256,.43
"<a href=""https://www.baseball-reference.com/players/g/grossem01.shtml"">Emil Gross</a>",CHU,26,101,95,13,34,4,56,0,6,0,0,.358,.396,.589,.986,.438,.62
"<a href=""https://www.baseball-reference.com/players/g/guinebe01.shtml"">Ben Guiney</a>",DTN,25,7,7,0,0,0,0,0,0,0,3,.000,.000,.000,.000,.000,-.22
"<a href=""https://www.baseball-reference.com/players/g/gunnito01.shtml"">Tom Gunning</a>",BSN,22,46,45,4,5,0,8,2,1,0,12,.111,.130,.178,.308,.141,-.26
"<a href=""https://www.baseball-reference.com/players/g/gunsojo01.shtml"">Joe Gunson</a>",WSU,21,169,166,15,23,0,25,0,3,0,0,.139,.154,.151,.304,.143,.00
"<a href=""https://www.baseball-reference.com/players/h/hackeme01.shtml"">Mert Hackett</a>",BSN,24,270,268,28,55,1,75,20,2,0,66,.205,.211,.280,.491,.222,.73
"<a href=""https://www.baseball-reference.com/players/h/hackewa01.shtml"">Walter Hackett</a>",BSU,26,422,415,71,101,1,123,0,7,0,0,.243,.256,.296,.552,.254,.31
"<a href=""https://www.baseball-reference.com/players/h/haganar01.shtml"">Art Hagan</a>",BFN,21,13,13,3,4,0,4,1,0,0,1,.308,.308,.308,.615,.285,.03
"<a href=""https://www.baseball-reference.com/players/h/halpiji01.shtml"">Jim Halpin</a>",WSU,20,170,168,24,31,0,34,0,2,0,0,.185,.194,.202,.396,.184,-1.34
"<a href=""https://www.baseball-reference.com/players/h/hamiljo01.shtml"">John Hamill</a>",WS7,23,77,71,5,7,0,11,0,6,0,0,.099,.169,.155,.324,.160,-.48
"<a href=""https://www.baseball-reference.com/players/h/hankifr01.shtml"">Frank Hankinson</a>",NY1,28,412,389,44,90,2,126,43,23,0,59,.231,.274,.324,.598,.276,1.08
"<a href=""https://www.baseball-reference.com/players/h/hanlone01.shtml"">Ned Hanlon</a>",DTN,26,490,450,86,119,5,164,39,40,0,52,.264,.324,.364,.689,.319,2.58
"<a href=""https://www.baseball-reference.com/players/h/hannajo01.shtml"">John Hanna</a>",2,20,150,143,14,18,0,22,0,6,0,0,.126,.167,.154,.321,.155,-1.13
"<a href=""https://www.baseball-reference.com/players/h/harbibi01.shtml"">Bill Harbridge</a>",CNU,29,366,341,59,95,2,123,0,25,0,0,.279,.328,.361,.689,.319,.89
"<a href=""https://www.baseball-reference.com/players/h/hardilo01.shtml"">Lou Hardie</a>",PHI,19,8,8,0,3,0,5,0,0,0,2,.375,.375,.625,1.000,.443,-.06
"<a href=""https://www.baseball-reference.com/players/h/harkijo01.shtml"">John Harkins</a>",CL2,25,236,229,24,47,0,55,20,7,0,45,.205,.229,.240,.469,.218,-.94
"<a href=""https://www.baseball-reference.com/players/h/harrifr01.shtml"">James Harris</a>",ALT,?,98,95,10,25,0,29,0,3,0,0,.263,.286,.305,.591,.274,-.16
"<a href=""https://www.baseball-reference.com/players/h/hautzch01.shtml"">Charlie Hautz</a>",PT1,32,27,24,0,5,0,5,0,3,0,0,.208,.296,.208,.505,.252,-.01
"<a href=""https://www.baseball-reference.com/players/h/hawesbi01.shtml"">Bill Hawes</a>",CNU,30,354,349,80,97,4,124,0,5,0,0,.278,.288,.355,.643,.293,-.15
"<a href=""https://www.baseball-reference.com/players/h/hawketh01.shtml"">Thorny Hawkes</a>",WS7,31,155,151,16,42,0,50,0,4,0,0,.278,.297,.331,.628,.289,.45
"<a href=""https://www.baseball-reference.com/players/h/hayesja01.shtml"">Jackie Hayes</a>",2,23,183,175,15,40,0,51,0,7,0,0,.229,.262,.291,.554,.240,.32
"<a href=""https://www.baseball-reference.com/players/h/heckegu01.shtml"">Guy Hecker</a>",LS2,28,328,316,53,94,4,136,42,10,0,0,.297,.323,.430,.754,.340,2.27
"<a href=""https://www.baseball-reference.com/players/h/hendeha01.shtml"">Hardie Henderson</a>",BL2,21,208,203,24,46,0,67,0,5,0,0,.227,.245,.330,.575,.260,.07
"<a href=""https://www.baseball-reference.com/players/h/henglmo01.shtml"">Moxie Hengel</a>",2,26,110,107,11,20,0,27,0,3,0,0,.187,.209,.252,.461,.198,-.32
"<a href=""https://www.baseball-reference.com/players/h/henryjo01.shtml"">John Henry</a>",CL2,20,26,26,2,4,0,4,0,0,0,12,.154,.154,.154,.308,.142,-.34
"<a href=""https://www.baseball-reference.com/players/h/hibbajo01.shtml"">John Hibbard</a>",CHN,19,7,7,0,0,0,0,0,0,0,4,.000,.000,.000,.000,.000,-.17
"<a href=""https://www.baseball-reference.com/players/h/hickmer01.shtml"">Ernie Hickman</a>",KCU,?,73,72,4,12,0,13,0,1,0,0,.167,.178,.181,.359,.167,-.20
"<a href=""https://www.baseball-reference.com/players/h/hilsech01.shtml"">Charlie Hilsey</a>",PH4,20,24,24,5,5,0,8,0,0,0,0,.208,.208,.333,.542,.239,-.18
"<a href=""https://www.baseball-reference.com/players/h/hinesmi01.shtml"">Mike Hines</a>",BSN,21,135,132,16,23,0,26,3,3,0,24,.174,.193,.197,.390,.182,.00
"<a href=""https://www.baseball-reference.com/players/h/hinespa01.shtml"">Paul Hines</a>",PRO,29,534,490,94,148,3,213,41,44,0,28,.302,.360,.435,.794,.362,.00
"<a href=""https://www.baseball-reference.com/players/h/hodnech01.shtml"">Charlie Hodnett</a>",SLU,?,68,58,9,12,0,13,0,10,0,0,.207,.324,.224,.548,.276,.17
"<a href=""https://www.baseball-reference.com/players/h/hoganed02.shtml"">Mortimer Hogan</a>",MLU,22,44,37,6,3,0,4,0,7,0,0,.081,.227,.108,.335,.187,.45
"<a href=""https://www.baseball-reference.com/players/h/holbebi01.shtml"">Bill Holbert</a>",NY4,29,264,255,28,53,0,58,0,7,0,0,.208,.235,.227,.462,.218,.29
"<a href=""https://www.baseball-reference.com/players/h/holdsji01.shtml"">Jim Holdsworth</a>",IN2,33,20,18,1,2,0,2,0,2,0,0,.111,.200,.111,.311,.165,-.05
"<a href=""https://www.baseball-reference.com/players/h/hoovebu01.shtml"">Buster Hoover</a>",2,21,333,317,82,108,1,148,4,16,0,9,.341,.372,.467,.839,.339,2.09
"<a href=""https://www.baseball-reference.com/players/h/horanjo01.shtml"">Patrick Horan</a>",CHU,?,69,68,3,6,0,6,0,1,0,0,.088,.101,.088,.190,.091,-.77
"<a href=""https://www.baseball-reference.com/players/h/hornujo01.shtml"">Joe Hornung</a>",BSN,27,535,518,119,139,7,207,51,17,0,80,.268,.292,.400,.691,.312,1.99
"<a href=""https://www.baseball-reference.com/players/h/hotalpe01.shtml"">Pete Hotaling</a>",CL2,27,436,408,69,99,3,136,27,28,0,50,.243,.291,.333,.625,.289,.33
"<a href=""https://www.baseball-reference.com/players/h/houcksa01.shtml"">Sadie Houck</a>",PH4,28,487,472,93,140,0,187,0,7,0,0,.297,.318,.396,.714,.325,4.17
"<a href=""https://www.baseball-reference.com/players/h/housech01.shtml"">Charlie Householder</a>",CHU,28,322,310,32,74,1,99,0,12,0,0,.239,.267,.319,.586,.269,-.37
"<a href=""https://www.baseball-reference.com/players/h/housech02.shtml"">Charlie Householder</a>",BR3,30,287,273,28,66,3,96,0,12,0,0,.242,.279,.352,.630,.288,.76
"<a href=""https://www.baseball-reference.com/players/h/hughebi01.shtml"">Bill Hughes</a>",WSU,?,51,49,5,6,0,6,0,2,0,0,.122,.157,.122,.279,.137,-.56
"<a href=""https://www.baseball-reference.com/players/h/humphjo01.shtml"">John Humphries</a>",2,22,276,257,29,40,0,42,2,18,0,19,.156,.214,.163,.377,.184,-.73
"<a href=""https://www.baseball-reference.com/players/h/huntebi01.shtml"">Bill Hunter</a>",LS2,?,7,7,1,1,0,1,0,0,0,0,.143,.143,.143,.286,.132,-.14
"<a href=""https://www.baseball-reference.com/players/h/hutchbi01.shtml"">Bill Hutchison</a>",KCU,24,8,8,1,2,0,2,0,0,0,0,.250,.250,.250,.500,.231,.01
"<a href=""https://www.baseball-reference.com/players/i/irwinar01.shtml"">Arthur Irwin</a>",PRO,26,432,404,73,97,2,123,44,28,0,52,.240,.289,.304,.594,.278,2.83
"<a href=""https://www.baseball-reference.com/players/i/irwinjo01.shtml"">John Irwin</a>",BSU,22,447,432,81,101,1,138,0,15,0,0,.234,.260,.319,.579,.265,-.02
"<a href=""https://www.baseball-reference.com/players/j/johnsbi01.shtml"">Lefty Johnson</a>",PHU,22,4,4,0,0,0,0,0,0,0,0,.000,.000,.000,.000,.000,-.08
"<a href=""https://www.baseball-reference.com/players/j/johnsdi01.shtml"">Dick Johnston</a>",RIC,21,148,146,23,41,2,62,0,2,0,0,.281,.291,.425,.715,.320,1.07
"<a href=""https://www.baseball-reference.com/players/j/jones02.shtml""> Jones</a>",WS7,?,18,17,2,5,0,5,0,1,0,0,.294,.333,.294,.627,.297,.04
"<a href=""https://www.baseball-reference.com/players/j/jonesbi01.shtml"">Bill Jones</a>",PHU,?,15,14,2,2,0,2,0,1,0,0,.143,.200,.143,.343,.172,-.15
"<a href=""https://www.baseball-reference.com/players/j/jonesch01.shtml"">Charley Jones</a>",CN2,32,519,472,117,148,7,222,71,37,0,0,.314,.376,.470,.846,.384,4.28
"<a href=""https://www.baseball-reference.com/players/j/jonesch02.shtml"">Charlie Jones</a>",BR3,22,95,90,10,16,0,17,0,5,0,0,.178,.221,.189,.410,.198,-.38
"<a href=""https://www.baseball-reference.com/players/j/jonesfr01.shtml"">Frank Jones</a>",DTN,25,8,8,0,1,0,1,0,0,0,1,.125,.125,.125,.250,.116,-.06
"<a href=""https://www.baseball-reference.com/players/j/joneshe01.shtml"">Henry Jones</a>",DTN,27,143,127,24,28,0,33,3,16,0,18,.220,.308,.260,.568,.275,.22
"<a href=""https://www.baseball-reference.com/players/j/jonesja01.shtml"">Ri Jones</a>",CNU,25,284,272,36,71,2,84,0,12,0,0,.261,.292,.309,.601,.279,.16
"<a href=""https://www.baseball-reference.com/players/j/joypo01.shtml"">Pop Joy</a>",WSU,24,132,130,12,28,0,28,0,2,0,0,.215,.227,.215,.443,.207,-.65
"<a href=""https://www.baseball-reference.com/players/k/kalbfch01.shtml"">Charlie Kalbfus</a>",WSU,19,5,5,1,1,0,1,0,0,0,0,.200,.200,.200,.400,.185,-.04
"<a href=""https://www.baseball-reference.com/players/k/kappejo01.shtml"">Joe Kappel</a>",PHI,27,15,15,1,1,0,1,0,0,0,2,.067,.067,.067,.133,.062,-.66
"<a href=""https://www.baseball-reference.com/players/k/kearnto01.shtml"">Tom Kearns</a>",DTN,23,81,79,9,16,0,18,7,2,0,10,.203,.222,.228,.450,.210,-.47
"<a href=""https://www.baseball-reference.com/players/k/keefeti01.shtml"">Tim Keefe</a>",NY4,27,229,210,27,50,3,74,0,18,0,0,.238,.301,.352,.654,.302,.81
"<a href=""https://www.baseball-reference.com/players/k/keenaji01.shtml"">Jim Keenan</a>",IN2,28,268,249,36,73,3,104,0,16,0,0,.293,.343,.418,.761,.348,3.01
"<a href=""https://www.baseball-reference.com/players/k/kellyjo01.shtml"">John Kelly</a>",2,25,162,156,24,45,1,56,0,6,0,0,.288,.315,.359,.674,.293,.11
"<a href=""https://www.baseball-reference.com/players/k/kellyki01.shtml"">King Kelly</a>",CHN,26,498,452,120,160,13,237,95,46,0,24,.354,.414,.524,.938,.423,.00
"<a href=""https://www.baseball-reference.com/players/k/kemmlru01.shtml"">Rudy Kemmler</a>",CL5,24,226,211,28,42,0,51,0,15,0,0,.199,.252,.242,.494,.235,-.08
"<a href=""https://www.baseball-reference.com/players/k/kenneed01.shtml"">Ed Kennedy</a>",NY4,28,395,378,49,72,1,85,0,16,0,0,.190,.225,.225,.450,.212,-1.23
"<a href=""https://www.baseball-reference.com/players/k/kenneed02.shtml"">Ed Kennedy</a>",CNU,23,49,48,6,10,0,13,0,1,0,0,.208,.224,.271,.495,.226,-.06
"<a href=""https://www.baseball-reference.com/players/k/kented01.shtml"">Ed Kent</a>",TL1,24,4,4,0,0,0,0,0,0,0,0,.000,.000,.000,.000,.000,-.07
"<a href=""https://www.baseball-reference.com/players/k/kerinjo01.shtml"">John Kerins</a>",IN2,25,371,364,58,78,6,112,0,6,0,0,.214,.229,.308,.537,.243,.00
"<a href=""https://www.baseball-reference.com/players/k/kienzbi01.shtml"">Bill Kienzle</a>",PHU,24,320,299,76,76,0,105,0,21,0,0,.254,.303,.351,.654,.301,.20
"<a href=""https://www.baseball-reference.com/players/k/kileyjo01.shtml"">John Kiley</a>",WS7,24,60,56,9,12,0,18,0,3,0,0,.214,.267,.321,.588,.271,-.21
"<a href=""https://www.baseball-reference.com/players/k/kimbesa01.shtml"">Sam Kimber</a>",BR3,31,152,142,14,21,0,26,0,9,0,0,.148,.204,.183,.387,.188,-.67
"<a href=""https://www.baseball-reference.com/players/k/kingsa01.shtml"">Sam King</a>",WS7,32,47,45,3,8,0,10,0,1,0,0,.178,.213,.222,.435,.205,-.38
"<a href=""https://www.baseball-reference.com/players/k/kinziwa01.shtml"">Walt Kinzie</a>",2,27,91,91,4,14,2,23,8,0,0,13,.154,.154,.253,.407,.168,-.53
"<a href=""https://www.baseball-reference.com/players/k/kirbyjo01.shtml"">John Kirby</a>",KCU,19,7,7,1,1,0,1,0,0,0,0,.143,.143,.143,.286,.132,.00
"<a href=""https://www.baseball-reference.com/players/k/knighjo01.shtml"">Joe Knight</a>",PHI,24,24,24,2,6,0,9,2,0,0,2,.250,.250,.375,.625,.280,.08
"<a href=""https://www.baseball-reference.com/players/k/knighlo01.shtml"">Lon Knight</a>",PH4,31,495,484,94,131,1,176,0,10,0,0,.271,.287,.364,.651,.295,.73
"<a href=""https://www.baseball-reference.com/players/k/knowlji01.shtml"">Jimmy Knowles</a>",2,27,346,335,38,78,1,107,0,8,0,0,.233,.257,.319,.577,.243,.15
"<a href=""https://www.baseball-reference.com/players/k/koonsha01.shtml"">Harry Koons</a>",2,21,83,81,8,18,0,22,0,2,0,0,.222,.241,.272,.513,.218,-.19
"<a href=""https://www.baseball-reference.com/players/k/krieg01.shtml"">Frank Kreeger</a>",KCU,?,3,3,0,0,0,0,0,0,0,0,.000,.000,.000,.000,.000,-.06
"<a href=""https://www.baseball-reference.com/players/k/krehmch01.shtml"">Charlie Krehmeyer</a>",SL4,20,72,70,3,16,0,18,5,2,0,0,.229,.250,.257,.507,.236,-.48
"<a href=""https://www.baseball-reference.com/players/k/kriegbi01.shtml"">Bill Krieg</a>",CHU,25,290,279,35,69,0,92,0,11,0,0,.247,.276,.330,.606,.278,1.46
"<a href=""https://www.baseball-reference.com/players/k/kuehnbi01.shtml"">Bill Kuehne</a>",CL5,25,425,415,48,98,5,158,0,9,0,0,.236,.254,.381,.635,.283,.00
"<a href=""https://www.baseball-reference.com/players/l/lanech01.shtml"">Chappy Lane</a>",TL1,?,219,215,26,49,1,71,0,2,0,0,.228,.242,.330,.572,.258,-.05
"<a href=""https://www.baseball-reference.com/players/l/larki01.shtml"">Patrick Larkins</a>",WSU,24,74,70,11,17,0,17,0,4,0,0,.243,.284,.243,.527,.252,-.50
"<a href=""https://www.baseball-reference.com/players/l/larkihe01.shtml"">Henry Larkin</a>",PH4,24,349,326,59,90,3,138,37,15,0,0,.276,.324,.423,.747,.339,.81
"<a href=""https://www.baseball-reference.com/players/l/larkite01.shtml"">Terry Larkin</a>",RIC,?,151,139,17,28,0,37,0,9,0,0,.201,.265,.266,.531,.252,.29
"<a href=""https://www.baseball-reference.com/players/l/lathaar01.shtml"">Arlie Latham</a>",SL4,24,498,474,115,130,1,174,0,18,0,0,.274,.309,.367,.676,.310,4.24
"<a href=""https://www.baseball-reference.com/players/l/lathaju01.shtml"">Jumbo Latham</a>",LS2,31,319,308,31,52,0,61,23,8,0,0,.169,.197,.198,.396,.187,-1.21
"<a href=""https://www.baseball-reference.com/players/l/lauerch01.shtml"">Chuck Lauer</a>",PT1,19,44,44,5,5,0,5,0,0,0,0,.114,.114,.114,.227,.105,-.55
"<a href=""https://www.baseball-reference.com/players/l/lavinjo01.shtml"">Johnny Lavin</a>",SL4,?,56,52,9,11,0,13,0,3,0,0,.212,.268,.250,.518,.248,-.35
"<a href=""https://www.baseball-reference.com/players/l/lawlomi01.shtml"">Mike Lawlor</a>",WSU,30,7,7,0,0,0,0,0,0,0,0,.000,.000,.000,.000,.000,-.12
"<a href=""https://www.baseball-reference.com/players/l/learyja01.shtml"">Jack Leary</a>",2,26,74,73,1,10,0,11,0,1,0,0,.137,.149,.151,.299,.140,-.96
"<a href=""https://www.baseball-reference.com/players/l/leeto01.shtml"">Tom Lee</a>",2,22,111,106,11,26,0,28,1,5,0,6,.245,.279,.264,.543,.253,-.26
"<a href=""https://www.baseball-reference.com/players/l/lehanja01.shtml"">James Lehan</a>",WSU,28,12,12,1,4,0,6,0,0,0,0,.333,.333,.500,.833,.373,.02
"<a href=""https://www.baseball-reference.com/players/l/levisch01.shtml"">Charlie Levis</a>",3,24,389,386,59,87,5,121,0,3,0,0,.225,.231,.313,.545,.227,-1.19
"<a href=""https://www.baseball-reference.com/players/l/lewisfr01.shtml"">Fred Lewis</a>",2,25,353,330,65,106,0,138,0,19,0,0,.321,.365,.418,.784,.326,2.04
"<a href=""https://www.baseball-reference.com/players/l/lilliji01.shtml"">Jim Lillie</a>",BFN,22,476,471,68,105,3,136,53,5,0,71,.223,.231,.289,.520,.236,-.61
"<a href=""https://www.baseball-reference.com/players/l/lockema01.shtml"">Marshall Locke</a>",IN2,27,29,29,5,7,0,9,5,0,0,0,.241,.241,.310,.552,.249,-.03
"<a href=""https://www.baseball-reference.com/players/l/lockwmi01.shtml"">Milo Lockwood</a>",WSU,26,75,67,9,14,0,15,0,8,0,0,.209,.293,.224,.517,.255,-.15
"<a href=""https://www.baseball-reference.com/players/l/loughbi01.shtml"">Bill Loughran</a>",NY1,22,36,29,4,3,0,6,3,7,0,11,.103,.278,.207,.485,.249,-.04
"<a href=""https://www.baseball-reference.com/players/l/lowedi01.shtml"">Dick Lowe</a>",DTN,30,3,3,0,1,0,1,0,0,0,1,.333,.333,.333,.667,.308,-.21
"<a href=""https://www.baseball-reference.com/players/l/luffhe01.shtml"">Henry Luff</a>",2,31,135,130,9,31,0,39,0,5,0,0,.238,.267,.300,.567,.239,-.02
"<a href=""https://www.baseball-reference.com/players/l/lynchja01.shtml"">Jack Lynch</a>",NY4,27,207,198,21,30,0,38,0,9,0,0,.152,.188,.192,.380,.180,-1.02
"<a href=""https://www.baseball-reference.com/players/l/lynchto01.shtml"">Tom Lynch</a>",2,24,115,106,13,31,0,44,3,9,0,5,.292,.348,.415,.763,.332,.06
"<a href=""https://www.baseball-reference.com/players/l/lynchto02.shtml"">Thomas Lynch</a>",CHN,?,4,4,0,0,0,0,0,0,0,2,.000,.000,.000,.000,.000,-.11
"<a href=""https://www.baseball-reference.com/players/m/macarma01.shtml"">Mac MacArthur</a>",IN2,22,22,21,1,2,0,2,0,1,0,0,.095,.136,.095,.232,.117,-.19
"<a href=""https://www.baseball-reference.com/players/m/maculji01.shtml"">Jimmy Macullar</a>",BL2,29,404,360,73,73,4,113,0,36,0,0,.203,.290,.314,.603,.284,1.54
"<a href=""https://www.baseball-reference.com/players/m/malonfe01.shtml"">Fergy Malone</a>",PHU,39,4,4,0,1,0,1,0,0,0,0,.250,.250,.250,.500,.231,-.09
"<a href=""https://www.baseball-reference.com/players/m/manloch01.shtml"">Charlie Manlove</a>",2,21,17,17,1,3,0,3,0,0,0,4,.176,.176,.176,.353,.163,-.15
"<a href=""https://www.baseball-reference.com/players/m/mannfr01.shtml"">Fred Mann</a>",CL5,26,402,366,70,101,7,170,0,25,0,0,.276,.341,.464,.805,.363,2.69
"<a href=""https://www.baseball-reference.com/players/m/mannija01.shtml"">Jack Manning</a>",PHI,30,464,424,71,115,5,167,52,40,0,67,.271,.334,.394,.728,.335,2.06
"<a href=""https://www.baseball-reference.com/players/m/manniji01.shtml"">Jim Manning</a>",BSN,22,364,345,52,83,2,109,35,19,0,47,.241,.280,.316,.596,.276,.62
"<a href=""https://www.baseball-reference.com/players/m/manniti01.shtml"">Tim Manning</a>",BL2,30,374,341,49,70,2,100,0,26,0,0,.205,.275,.293,.569,.268,.90
"<a href=""https://www.baseball-reference.com/players/m/mansemi01.shtml"">Mike Mansell</a>",3,26,307,283,42,62,1,86,0,20,0,0,.219,.280,.304,.584,.262,-.30
"<a href=""https://www.baseball-reference.com/players/m/manseto01.shtml"">Tom Mansell</a>",2,29,370,343,58,81,0,104,29,21,0,0,.236,.292,.303,.595,.263,-.82
"<a href=""https://www.baseball-reference.com/players/m/maskrle01.shtml"">Leech Maskrey</a>",LS2,30,430,412,48,103,0,124,36,17,0,0,.250,.281,.301,.582,.270,.00
"<a href=""https://www.baseball-reference.com/players/m/mathebo01.shtml"">Bobby Mathews</a>",PH4,32,191,184,26,34,0,41,0,7,0,0,.185,.215,.223,.437,.205,-.74
"<a href=""https://www.baseball-reference.com/players/m/mattec.01.shtml"">C. V. Matteson</a>",SLU,22,4,4,0,0,0,0,0,0,0,0,.000,.000,.000,.000,.000,-.08
"<a href=""https://www.baseball-reference.com/players/m/matthst01.shtml"">Steve Matthias</a>",CHU,?,147,142,24,39,0,48,0,5,0,0,.275,.299,.338,.637,.293,.44
"<a href=""https://www.baseball-reference.com/players/m/maulal01.shtml"">Al Maul</a>",PHU,18,4,4,0,0,0,0,0,0,0,0,.000,.000,.000,.000,.000,.00
"<a href=""https://www.baseball-reference.com/players/m/mccarto01.shtml"">Tommy McCarthy</a>",BSU,20,215,209,37,45,0,51,0,6,0,0,.215,.237,.244,.481,.224,-1.03
"<a href=""https://www.baseball-reference.com/players/m/mccaual01.shtml"">Al McCauley</a>",IN2,21,67,53,7,10,0,12,5,12,0,0,.189,.358,.226,.585,.301,.06
"<a href=""https://www.baseball-reference.com/players/m/mccauji01.shtml"">Jim McCauley</a>",SL4,21,2,2,0,0,0,0,0,0,0,0,.000,.000,.000,.000,.000,-.04
"<a href=""https://www.baseball-reference.com/players/m/mcclebi01.shtml"">Bill McClellan</a>",PHI,28,478,450,71,116,3,142,33,28,0,43,.258,.301,.316,.617,.288,1.53
"<a href=""https://www.baseball-reference.com/players/m/mcclobi01.shtml"">Bill McCloskey</a>",WIL,32,30,30,0,3,0,3,0,0,0,0,.100,.100,.100,.200,.093,-.55
"<a href=""https://www.baseball-reference.com/players/m/mccorje01.shtml"">Jerry McCormick</a>",2,22,457,452,64,118,0,146,0,5,0,0,.261,.269,.323,.592,.257,.06
"<a href=""https://www.baseball-reference.com/players/m/mccorji01.shtml"">Jim McCormick</a>",2,27,301,300,27,77,0,95,23,1,0,11,.257,.259,.317,.576,.245,.00
"<a href=""https://www.baseball-reference.com/players/m/mcdonji01.shtml"">Jim McDonald</a>",2,23,153,151,11,24,0,27,0,2,0,0,.159,.170,.179,.349,.162,-.22
"<a href=""https://www.baseball-reference.com/players/m/mcelrji01.shtml"">Jim McElroy</a>",2,21,51,50,3,7,0,7,3,1,0,12,.140,.157,.140,.297,.141,-.55
"<a href=""https://www.baseball-reference.com/players/m/mcfarch01.shtml"">Chris McFarland</a>",BLU,22,14,14,2,3,0,4,0,0,0,0,.214,.214,.286,.500,.226,-.07
"<a href=""https://www.baseball-reference.com/players/m/mcgarch01.shtml"">Chippy McGarr</a>",CHU,21,70,70,10,11,0,13,0,0,0,0,.157,.157,.186,.343,.156,.00
"<a href=""https://www.baseball-reference.com/players/m/mcginju01.shtml"">Jumbo McGinnis</a>",SL4,30,150,146,16,34,0,45,0,4,0,0,.233,.253,.308,.562,.257,.00
"<a href=""https://www.baseball-reference.com/players/m/mcguide01.shtml"">Deacon McGuire</a>",TL1,20,157,151,12,28,1,38,0,5,0,0,.185,.217,.252,.468,.217,.00
"<a href=""https://www.baseball-reference.com/players/m/mcguijo01.shtml"">John McGuinness</a>",PHU,?,225,220,25,52,0,62,0,5,0,0,.236,.253,.282,.535,.247,-.21
"<a href=""https://www.baseball-reference.com/players/m/mckeefr01.shtml"">Frank McKee</a>",WSU,?,18,17,2,3,0,3,0,1,0,0,.176,.222,.176,.399,.194,-.26
"<a href=""https://www.baseball-reference.com/players/m/mckeeji01.shtml"">Jim McKeever</a>",BSU,23,66,66,13,9,0,9,0,0,0,0,.136,.136,.136,.273,.126,-.76
"<a href=""https://www.baseball-reference.com/players/m/mckened01.shtml"">Ed McKenna</a>",WSU,?,121,117,19,22,0,23,0,4,0,0,.188,.215,.197,.411,.195,-1.31
"<a href=""https://www.baseball-reference.com/players/m/mckeola01.shtml"">Larry McKeon</a>",IN2,18,251,250,29,53,0,63,0,1,0,0,.212,.215,.252,.467,.213,-.49
"<a href=""https://www.baseball-reference.com/players/m/mckinal01.shtml"">Alex McKinnon</a>",NY1,27,478,470,66,128,3,184,73,8,0,62,.272,.285,.391,.676,.304,1.24
"<a href=""https://www.baseball-reference.com/players/m/mclauba01.shtml"">Barney McLaughlin</a>",KCU,?,171,162,15,37,0,50,0,9,0,0,.228,.269,.309,.578,.267,-.10
"<a href=""https://www.baseball-reference.com/players/m/mclaufr01.shtml"">Frank McLaughlin</a>",3,?,269,257,38,60,3,92,0,12,0,0,.233,.268,.358,.626,.267,-.29
"<a href=""https://www.baseball-reference.com/players/m/mclauja01.shtml"">William McLaughlin</a>",WSU,22,37,37,3,7,0,10,0,0,0,0,.189,.189,.270,.459,.206,-.51
"<a href=""https://www.baseball-reference.com/players/m/mclauji01.shtml"">Jim McLaughlin</a>",BL2,23,22,22,3,5,0,8,0,0,0,0,.227,.227,.364,.591,.261,-.04
"<a href=""https://www.baseball-reference.com/players/m/mclauto01.shtml"">Tom McLaughlin</a>",LS2,24,363,335,41,67,0,90,21,22,0,0,.200,.262,.269,.530,.251,2.38
"<a href=""https://www.baseball-reference.com/players/m/mcphebi01.shtml"">Bid McPhee</a>",CN2,24,483,450,107,125,5,162,64,27,0,0,.278,.327,.360,.687,.318,2.87
"<a href=""https://www.baseball-reference.com/players/m/mcquemo01.shtml"">Mox McQuery</a>",CNU,23,140,132,31,37,2,48,0,8,0,0,.280,.321,.364,.685,.316,.52
"<a href=""https://www.baseball-reference.com/players/m/mcrem01.shtml""> McRemer</a>",WSU,?,3,3,0,0,0,0,0,0,0,0,.000,.000,.000,.000,.000,-.06
"<a href=""https://www.baseball-reference.com/players/m/mcsortr01.shtml"">Trick McSorley</a>",TL1,31,71,68,12,17,0,18,0,3,0,0,.250,.282,.265,.546,.258,.02
"<a href=""https://www.baseball-reference.com/players/m/meegape01.shtml"">Pete Meegan</a>",RIC,21,77,75,6,12,0,17,2,2,0,0,.160,.182,.227,.408,.187,-.32
"<a href=""https://www.baseball-reference.com/players/m/meinkfr01.shtml"">Frank Meinke</a>",DTN,20,347,341,28,56,6,93,24,6,0,89,.164,.179,.273,.451,.202,-1.79
"<a href=""https://www.baseball-reference.com/players/m/meistge01.shtml"">George Meister</a>",TL1,31,127,119,9,23,0,29,0,3,0,0,.193,.244,.244,.488,.233,-.38
"<a href=""https://www.baseball-reference.com/players/m/merried01.shtml"">Ed Merrill</a>",IN2,24,203,196,14,35,0,40,0,6,0,0,.179,.207,.204,.411,.194,-.83
"<a href=""https://www.baseball-reference.com/players/m/meyerle01.shtml"">Levi Meyerle</a>",PHU,34,11,11,0,1,0,2,0,0,0,0,.091,.091,.182,.273,.119,-.19
"<a href=""https://www.baseball-reference.com/players/m/meyerlo01.shtml"">Lou Meyers</a>",CNU,24,4,3,1,0,0,0,0,1,0,0,.000,.250,.000,.250,.181,-.12
"<a href=""https://www.baseball-reference.com/players/m/millecy01.shtml"">Cyclone Miller</a>",3,24,32,31,4,2,0,2,0,1,0,13,.065,.094,.065,.158,.080,-.52
"<a href=""https://www.baseball-reference.com/players/m/milledo01.shtml"">Doggie Miller</a>",PT1,19,362,347,46,78,0,92,0,13,0,0,.225,.257,.265,.522,.244,-.37
"<a href=""https://www.baseball-reference.com/players/m/milleed01.shtml"">Ed Miller</a>",TL1,?,25,24,2,6,0,6,1,1,0,0,.250,.280,.250,.530,.251,-.17
"<a href=""https://www.baseball-reference.com/players/m/millege01.shtml"">George Miller</a>",CN2,31,22,20,6,5,0,8,3,1,0,0,.250,.318,.400,.718,.328,.22
"<a href=""https://www.baseball-reference.com/players/m/millejo02.shtml"">Joe Miller</a>",TL1,23,450,423,46,101,1,132,0,26,0,0,.239,.284,.312,.597,.277,1.47
"<a href=""https://www.baseball-reference.com/players/m/millijo01.shtml"">Jocko Milligan</a>",PH4,22,276,268,39,77,3,112,0,8,0,0,.287,.308,.418,.726,.328,2.35
"<a href=""https://www.baseball-reference.com/players/m/moffejo01.shtml"">Joe Moffet</a>",TL1,25,206,204,17,41,0,52,0,2,0,0,.201,.209,.255,.464,.211,-1.07
"<a href=""https://www.baseball-reference.com/players/m/moffesa01.shtml"">Sam Moffet</a>",CL2,27,264,256,26,47,0,63,15,8,0,56,.184,.208,.246,.454,.210,-1.47
"<a href=""https://www.baseball-reference.com/players/m/monrofr01.shtml"">Frank Monroe</a>",IN2,?,8,8,1,0,0,0,0,0,0,0,.000,.000,.000,.000,.000,-.31
"<a href=""https://www.baseball-reference.com/players/m/mooreha01.shtml"">Henry Moore</a>",WSU,?,480,461,77,155,1,191,0,19,0,0,.336,.362,.414,.777,.356,2.23
"<a href=""https://www.baseball-reference.com/players/m/mooreje01.shtml"">Jerry Moore</a>",2,?,110,110,11,31,1,39,10,0,0,5,.282,.282,.355,.636,.271,-.46
"<a href=""https://www.baseball-reference.com/players/m/morgabi01.shtml"">Bill Morgan</a>",2,26,31,29,1,4,0,4,0,2,0,0,.138,.194,.138,.331,.166,-.37
"<a href=""https://www.baseball-reference.com/players/m/morgabi02.shtml"">Bill Morgan</a>",WS7,?,171,162,8,28,0,31,0,8,0,0,.173,.216,.191,.408,.196,-1.04
"<a href=""https://www.baseball-reference.com/players/m/moriage01.shtml"">Gene Moriarty</a>",2,21,53,53,5,9,0,13,4,0,0,8,.170,.170,.245,.415,.185,-.50
"<a href=""https://www.baseball-reference.com/players/m/morrie.01.shtml"">James Morris</a>",BLU,23,3,3,0,0,0,0,0,0,0,0,.000,.000,.000,.000,.000,-.07
"<a href=""https://www.baseball-reference.com/players/m/morried01.shtml"">Ed Morris</a>",CL5,21,207,199,19,37,0,57,0,5,0,0,.186,.217,.286,.504,.230,-.11
"<a href=""https://www.baseball-reference.com/players/m/morrijo01.shtml"">John Morrill</a>",BSN,29,468,438,80,114,3,156,61,30,0,87,.260,.308,.356,.664,.306,2.30
"<a href=""https://www.baseball-reference.com/players/m/morrijo03.shtml"">Jon Morrison</a>",IN2,?,193,182,26,48,1,73,0,7,0,0,.264,.306,.401,.707,.320,.62
"<a href=""https://www.baseball-reference.com/players/m/morrip.01.shtml"">Pete Morris</a>",WSU,30,3,3,0,0,0,0,0,0,0,0,.000,.000,.000,.000,.000,-.05
"<a href=""https://www.baseball-reference.com/players/m/morrito01.shtml"">Tom Morrissey</a>",MLU,24,47,47,3,8,0,10,0,0,0,0,.170,.170,.213,.383,.174,.14
"<a href=""https://www.baseball-reference.com/players/m/mortoch01.shtml"">Charlie Morton</a>",TL1,29,118,111,11,18,0,28,0,7,0,0,.162,.212,.252,.464,.216,-.49
"<a href=""https://www.baseball-reference.com/players/m/mortosp01.shtml"">Sparrow Morton</a>",PHI,25,8,8,0,3,0,4,0,0,0,3,.375,.375,.500,.875,.395,.07
"<a href=""https://www.baseball-reference.com/players/m/mountbi01.shtml"">Bill Mountjoy</a>",CN2,25,131,119,13,18,0,22,8,9,0,0,.151,.229,.185,.414,.206,.00
"<a href=""https://www.baseball-reference.com/players/m/mountfr01.shtml"">Frank Mountain</a>",CL5,24,223,210,26,50,4,75,0,9,0,0,.238,.283,.357,.640,.293,.79
"<a href=""https://www.baseball-reference.com/players/m/moynami01.shtml"">Mike Moynahan</a>",2,?,56,49,9,13,0,17,6,7,0,11,.265,.357,.347,.704,.332,-.08
"<a href=""https://www.baseball-reference.com/players/m/muldomi01.shtml"">Mike Muldoon</a>",CL2,26,440,422,46,101,2,135,38,18,0,67,.239,.270,.320,.590,.271,.73
"<a href=""https://www.baseball-reference.com/players/m/mullato01.shtml"">Tony Mullane</a>",TL1,25,386,352,49,97,3,131,0,33,0,0,.276,.339,.372,.712,.330,.00
"<a href=""https://www.baseball-reference.com/players/m/mullihe01.shtml"">Henry Mullin</a>",2,22,136,128,14,17,0,22,0,8,0,0,.133,.184,.172,.356,.158,-.85
"<a href=""https://www.baseball-reference.com/players/m/mullijo01.shtml"">John Mulligan</a>",WSU,?,4,4,2,1,0,1,0,0,0,0,.250,.250,.250,.500,.231,-.01
"<a href=""https://www.baseball-reference.com/players/m/mulvejo01.shtml"">Joe Mulvey</a>",PHI,25,405,401,47,92,2,113,32,4,0,49,.229,.237,.282,.519,.237,.61
"<a href=""https://www.baseball-reference.com/players/m/muncejo01.shtml"">John Munce</a>",WIL,26,22,21,1,4,0,4,0,1,0,0,.190,.227,.190,.418,.201,-.15
"<a href=""https://www.baseball-reference.com/players/m/mundige01.shtml"">George Mundinger</a>",IN2,29,8,8,1,2,0,2,3,0,0,0,.250,.250,.250,.500,.231,-.25
"<a href=""https://www.baseball-reference.com/players/m/murnati01.shtml"">Tim Murnane</a>",BSU,33,333,311,55,73,0,82,0,22,0,0,.235,.285,.264,.549,.261,-.29
"<a href=""https://www.baseball-reference.com/players/m/murph01.shtml""> Murphy</a>",BSU,?,4,3,0,0,0,0,0,1,0,0,.000,.250,.000,.250,.181,-.11
"<a href=""https://www.baseball-reference.com/players/m/murphco01.shtml"">Con Murphy</a>",PHI,20,11,10,0,0,0,0,0,1,0,1,.000,.091,.000,.091,.066,-.13
"<a href=""https://www.baseball-reference.com/players/m/murphjo01.shtml"">John Murphy</a>",2,?,132,125,14,16,0,17,0,7,0,0,.128,.174,.136,.310,.151,-.97
"<a href=""https://www.baseball-reference.com/players/m/murphto01.shtml"">Tony Murphy</a>",NY4,24,3,3,1,1,0,1,0,0,0,0,.333,.333,.333,.667,.308,.02
"<a href=""https://www.baseball-reference.com/players/m/murphwi01.shtml"">Willie Murphy</a>",2,20,193,189,21,48,1,60,9,2,0,23,.254,.269,.317,.587,.251,-.45
"<a href=""https://www.baseball-reference.com/players/m/murrami01.shtml"">Miah Murray</a>",PRO,19,28,27,1,5,0,5,1,1,0,8,.185,.214,.185,.399,.191,-.48
"<a href=""https://www.baseball-reference.com/players/m/myersal01.shtml"">Al Myers</a>",MLU,20,46,46,6,15,0,21,0,0,0,0,.326,.326,.457,.783,.352,.00
"<a href=""https://www.baseball-reference.com/players/m/myersge01.shtml"">George Myers</a>",BFN,23,338,325,34,59,2,78,32,13,0,33,.182,.213,.240,.453,.211,-1.90
"<a href=""https://www.baseball-reference.com/players/m/myershe01.shtml"">Henry Myers</a>",WIL,26,24,24,3,3,0,3,0,0,0,0,.125,.125,.125,.250,.116,-.32
"<a href=""https://www.baseball-reference.com/players/n/nashbi01.shtml"">Billy Nash</a>",RIC,19,185,166,31,33,1,60,0,12,0,0,.199,.281,.361,.643,.295,.56
"<a href=""https://www.baseball-reference.com/players/n/navasa01.shtml"">Sandy Nava</a>",PRO,34,127,116,10,11,0,11,6,11,0,35,.095,.173,.095,.268,.143,-.86
"<a href=""https://www.baseball-reference.com/players/n/neaglja01.shtml"">Jack Neagle</a>",PT1,26,155,148,13,22,0,28,0,6,0,0,.149,.187,.189,.376,.179,-.74
"<a href=""https://www.baseball-reference.com/players/n/nelsobi01.shtml"">Bill Nelson</a>",PT1,20,12,12,1,2,0,2,0,0,0,0,.167,.167,.167,.333,.154,-.08
"<a href=""https://www.baseball-reference.com/players/n/nelsoca01.shtml"">Candy Nelson</a>",NY4,35,515,432,114,110,1,134,0,74,0,0,.255,.375,.310,.685,.333,.00
"<a href=""https://www.baseball-reference.com/players/n/nicolhu01.shtml"">Hugh Nicol</a>",SL4,26,467,442,79,116,0,140,0,22,0,0,.262,.302,.317,.619,.288,1.57
"<a href=""https://www.baseball-reference.com/players/n/noftsge01.shtml"">George Noftsker</a>",ALT,24,25,25,0,1,0,1,0,0,0,0,.040,.040,.040,.080,.037,-.50
"<a href=""https://www.baseball-reference.com/players/n/nolanth01.shtml"">The Only Nolan</a>",WIL,28,35,33,5,9,0,13,0,2,0,0,.273,.314,.394,.708,.322,.16
"<a href=""https://www.baseball-reference.com/players/n/nuszem01.shtml"">William Nusz</a>",WSU,24,4,4,1,0,0,0,0,0,0,0,.000,.000,.000,.000,.000,-.08
"<a href=""https://www.baseball-reference.com/players/o/oberbhe01.shtml"">Henry Oberbeck</a>",2,26,225,215,26,40,0,47,0,10,0,0,.186,.222,.219,.441,.202,-.87
"<a href=""https://www.baseball-reference.com/players/o/o'bribi01.shtml"">Billy O'Brien</a>",2,24,47,47,3,11,0,14,0,0,0,0,.234,.234,.298,.532,.216,.35
"<a href=""https://www.baseball-reference.com/players/o/o'brija01.shtml"">Jack O'Brien</a>",PH4,24,150,138,25,39,1,50,0,9,0,0,.283,.340,.362,.702,.327,.95
"<a href=""https://www.baseball-reference.com/players/o/o'brijo01.shtml"">John O'Brien</a>",BLU,32,79,77,7,19,0,22,0,2,0,0,.247,.266,.286,.552,.255,-.14
"<a href=""https://www.baseball-reference.com/players/o/o'brito01.shtml"">Tom O'Brien</a>",BSU,24,461,449,80,118,4,177,0,12,0,0,.263,.282,.394,.676,.304,.74
"<a href=""https://www.baseball-reference.com/players/o/o'dayha01.shtml"">Hank O'Day</a>",TL1,24,253,242,23,51,0,62,0,10,0,0,.211,.245,.256,.501,.235,.00
"<a href=""https://www.baseball-reference.com/players/o/o'donjo01.shtml"">John O'Donnell</a>",PHU,?,4,4,0,1,0,1,0,0,0,0,.250,.250,.250,.500,.231,-.22
"<a href=""https://www.baseball-reference.com/players/o/o'leada01.shtml"">Dan O'Leary</a>",CNU,27,137,132,14,34,1,41,0,5,0,0,.258,.285,.311,.595,.275,.03
"<a href=""https://www.baseball-reference.com/players/o/olinfr01.shtml"">Frank Olin</a>",3,24,186,173,28,54,1,65,0,12,0,0,.312,.360,.376,.736,.330,.60
"<a href=""https://www.baseball-reference.com/players/o/o'neiti01.shtml"">Tip O'Neill</a>",SL4,24,311,297,49,82,3,126,54,12,0,0,.276,.309,.424,.733,.330,.70
"<a href=""https://www.baseball-reference.com/players/o/o'rouji01.shtml"">Jim O'Rourke</a>",BFN,33,502,467,119,162,5,224,63,35,0,17,.347,.392,.480,.872,.396,4.47
"<a href=""https://www.baseball-reference.com/players/o/orrda01.shtml"">Dave Orr</a>",NY4,24,464,458,82,162,9,247,112,5,0,0,.354,.362,.539,.901,.402,5.79
"<a href=""https://www.baseball-reference.com/players/o/oxleyhe01.shtml"">Henry Oxley</a>",2,26,8,7,0,0,0,0,0,1,0,2,.000,.125,.000,.125,.091,-.18
"<a href=""https://www.baseball-reference.com/players/p/pattige01.shtml"">George Patterson</a>",PHU,?,7,7,0,1,0,1,0,0,0,0,.143,.143,.143,.286,.132,-.07
"<a href=""https://www.baseball-reference.com/players/p/peakel01.shtml"">Elias Peak</a>",2,25,226,218,37,44,0,58,0,8,0,0,.202,.230,.266,.496,.229,-1.61
"<a href=""https://www.baseball-reference.com/players/p/peltzjo01.shtml"">John Peltz</a>",IN2,23,402,393,40,86,3,142,0,7,0,0,.219,.236,.361,.598,.266,-.12
"<a href=""https://www.baseball-reference.com/players/p/peoplji01.shtml"">Jimmy Peoples</a>",CN2,20,273,267,28,45,1,54,16,6,0,0,.169,.187,.202,.389,.181,.00
"<a href=""https://www.baseball-reference.com/players/p/peterjo01.shtml"">John Peters</a>",PT1,34,4,4,0,0,0,0,0,0,0,0,.000,.000,.000,.000,.000,-.07
"<a href=""https://www.baseball-reference.com/players/p/pfefffr01.shtml"">Fred Pfeffer</a>",CHN,24,492,467,105,135,25,240,101,25,0,47,.289,.325,.514,.839,.372,.00
"<a href=""https://www.baseball-reference.com/players/p/pheladi01.shtml"">Dick Phelan</a>",BLU,29,414,402,63,99,3,127,0,12,0,0,.246,.268,.316,.584,.268,-1.51
"<a href=""https://www.baseball-reference.com/players/p/phillbi01.shtml"">Bill Phillips</a>",CL2,27,482,464,58,128,3,186,46,18,0,80,.276,.303,.401,.704,.318,.93
"<a href=""https://www.baseball-reference.com/players/p/phillma01.shtml"">Marr Phillips</a>",IN2,27,419,413,41,111,0,145,0,5,0,0,.269,.279,.351,.630,.286,2.18
"<a href=""https://www.baseball-reference.com/players/p/piercgr01.shtml"">Gracie Pierce</a>",NY4,?,20,20,2,5,0,6,0,0,0,0,.250,.250,.300,.550,.251,-.20
"<a href=""https://www.baseball-reference.com/players/p/piercma01.shtml""> Pierce</a>",WSU,?,7,7,0,1,0,1,0,0,0,0,.143,.143,.143,.286,.132,-.15
"<a href=""https://www.baseball-reference.com/players/p/pinknge01.shtml"">George Pinkney</a>",CL2,25,154,144,18,45,0,54,16,10,0,7,.312,.357,.375,.732,.340,.97
"<a href=""https://www.baseball-reference.com/players/p/poormto01.shtml"">Tom Poorman</a>",TL1,26,393,382,56,89,0,111,0,10,0,0,.233,.254,.291,.545,.251,-.79
"<a href=""https://www.baseball-reference.com/players/p/portehe01.shtml"">Henry Porter</a>",MLU,26,40,40,3,11,0,14,0,0,0,0,.275,.275,.350,.625,.283,.41
"<a href=""https://www.baseball-reference.com/players/p/portema01.shtml"">Matthew Porter</a>",KCU,?,12,12,1,1,0,2,0,0,0,0,.083,.083,.167,.250,.109,-.12
"<a href=""https://www.baseball-reference.com/players/p/powelab01.shtml"">Abner Powell</a>",WSU,23,194,191,36,54,0,74,0,3,0,0,.283,.294,.387,.681,.308,.35
"<a href=""https://www.baseball-reference.com/players/p/powelji01.shtml"">Jim Powell</a>",RIC,24,162,151,23,37,0,53,0,7,0,0,.245,.296,.351,.647,.298,.20
"<a href=""https://www.baseball-reference.com/players/p/powelma01.shtml"">Martin Powell</a>",CNU,28,198,185,46,59,1,70,0,13,0,0,.319,.364,.378,.742,.344,.66
"<a href=""https://www.baseball-reference.com/players/p/powerph01.shtml"">Phil Powers</a>",CN2,29,138,133,10,18,0,19,8,5,0,0,.135,.167,.143,.310,.150,.00
"<a href=""https://www.baseball-reference.com/players/p/princwa01.shtml"">Walter Prince</a>",3,23,210,191,22,40,1,50,1,16,0,4,.209,.281,.262,.543,.248,-.78
"<a href=""https://www.baseball-reference.com/players/p/purcebl01.shtml"">Blondie Purcell</a>",PHI,30,457,428,67,108,1,136,31,29,0,30,.252,.300,.318,.618,.288,.00
"<a href=""https://www.baseball-reference.com/players/p/pylesh01.shtml"">Shadow Pyle</a>",PHI,22,4,4,0,0,0,0,0,0,0,0,.000,.000,.000,.000,.000,-.06
"<a href=""https://www.baseball-reference.com/players/q/questjo01.shtml"">Joe Quest</a>",2,31,375,353,48,73,0,95,0,19,0,0,.207,.253,.269,.522,.226,-.16
"<a href=""https://www.baseball-reference.com/players/q/quinnjo02.shtml"">Joe Quinn</a>",SLU,21,438,429,74,116,0,139,0,9,0,0,.270,.285,.324,.609,.280,.00
"<a href=""https://www.baseball-reference.com/players/q/quintma01.shtml"">Marshall Quinton</a>",RIC,?,95,94,12,22,0,27,0,0,0,0,.234,.242,.287,.529,.242,-.33
"<a href=""https://www.baseball-reference.com/players/r/radboch01.shtml"">Old Hoss Radbourn</a>",PRO,29,387,361,48,83,1,95,37,26,0,42,.230,.282,.263,.545,.259,.25
"<a href=""https://www.baseball-reference.com/players/r/radfopa01.shtml"">Paul Radford</a>",PRO,22,380,355,56,70,1,88,29,25,0,43,.197,.250,.248,.498,.236,.06
"<a href=""https://www.baseball-reference.com/players/r/recciph01.shtml"">Phil Reccius</a>",LS2,22,273,263,23,63,3,85,21,5,0,0,.240,.267,.323,.591,.271,.00
"<a href=""https://www.baseball-reference.com/players/r/reedeic01.shtml"">Icicle Reeder</a>",2,?,26,26,0,4,0,4,0,0,0,0,.154,.154,.154,.308,.142,-.26
"<a href=""https://www.baseball-reference.com/players/r/reidbi01.shtml"">Billy Reid</a>",PT1,27,75,70,11,17,0,19,0,4,0,0,.243,.293,.271,.565,.269,-.20
"<a href=""https://www.baseball-reference.com/players/r/reillch01.shtml"">Charlie Reilley</a>",BSU,?,12,11,1,0,0,0,0,1,0,0,.000,.083,.000,.083,.060,-.18
"<a href=""https://www.baseball-reference.com/players/r/reilljo01.shtml"">John Reilly</a>",CN2,25,467,448,114,152,11,247,91,5,0,0,.339,.366,.551,.918,.408,4.73
"<a href=""https://www.baseball-reference.com/players/r/reipsch01.shtml"">Charlie Reipschlager</a>",NY4,28,236,233,21,56,0,73,0,1,0,0,.240,.250,.313,.563,.256,.59
"<a href=""https://www.baseball-reference.com/players/r/reisich01.shtml"">Charlie Reising</a>",IN2,22,9,8,0,0,0,0,0,1,0,0,.000,.111,.000,.111,.081,-.13
"<a href=""https://www.baseball-reference.com/players/r/remseja01.shtml"">Jack Remsen</a>",2,34,373,344,54,76,3,105,3,29,0,9,.221,.282,.305,.587,.272,.03
"<a href=""https://www.baseball-reference.com/players/r/richa01.shtml""> Richardson</a>",CHU,?,4,4,0,0,0,0,0,0,0,0,.000,.000,.000,.000,.000,-.08
"<a href=""https://www.baseball-reference.com/players/r/richada01.shtml"">Danny Richardson</a>",NY1,21,293,277,36,70,1,83,27,16,0,17,.253,.294,.300,.593,.278,.27
"<a href=""https://www.baseball-reference.com/players/r/richaha01.shtml"">Hardy Richardson</a>",BFN,29,461,439,85,132,6,195,60,22,0,41,.301,.334,.444,.778,.351,.00
"<a href=""https://www.baseball-reference.com/players/r/richmjo01.shtml"">John Richmond</a>",CL5,29,436,398,57,100,3,136,0,35,0,0,.251,.317,.342,.658,.307,3.39
"<a href=""https://www.baseball-reference.com/players/r/ricklch01.shtml"">Chris Rickley</a>",PHU,24,27,25,5,5,0,7,0,2,0,0,.200,.259,.280,.539,.254,-.12
"<a href=""https://www.baseball-reference.com/players/r/ringofr01.shtml"">Frank Ringo</a>",2,23,100,97,4,12,0,14,6,3,0,19,.124,.150,.144,.294,.133,.00
"<a href=""https://www.baseball-reference.com/players/r/robinch01.shtml"">Charlie Robinson</a>",IN2,27,83,80,11,23,0,25,0,3,0,0,.288,.313,.312,.626,.292,.64
"<a href=""https://www.baseball-reference.com/players/r/robinfr01.shtml"">Fred Robinson</a>",CNU,27,13,13,1,3,0,3,0,0,0,0,.231,.231,.231,.462,.213,-.06
"<a href=""https://www.baseball-reference.com/players/r/robinya01.shtml"">Yank Robinson</a>",BLU,24,452,415,101,111,3,152,0,37,0,0,.267,.327,.366,.694,.321,1.62
"<a href=""https://www.baseball-reference.com/players/r/rollibi01.shtml"">Bill Rollinson</a>",WSU,28,3,3,0,0,0,0,0,0,0,0,.000,.000,.000,.000,.000,-.05
"<a href=""https://www.baseball-reference.com/players/r/rosemch01.shtml"">Chief Roseman</a>",NY4,27,463,436,97,130,4,180,0,21,0,0,.298,.339,.413,.752,.343,.00
"<a href=""https://www.baseball-reference.com/players/r/roweda01.shtml"">Dave Rowe</a>",SLU,29,495,485,95,142,4,208,0,10,0,0,.293,.307,.429,.736,.331,2.74
"<a href=""https://www.baseball-reference.com/players/r/roweja01.shtml"">Jack Rowe</a>",BFN,27,423,400,85,126,4,180,61,23,0,14,.315,.352,.450,.802,.363,4.59
"<a href=""https://www.baseball-reference.com/players/r/rowened01.shtml"">Ed Rowen</a>",PH4,26,17,15,4,6,0,7,1,1,0,0,.400,.471,.467,.937,.436,.12
"<a href=""https://www.baseball-reference.com/players/r/roxbuji01.shtml"">Jim Roxburgh</a>",BL2,26,6,4,1,2,0,2,0,1,0,0,.500,.667,.500,1.167,.555,.04
"<a href=""https://www.baseball-reference.com/players/r/ruddejo01.shtml"">John Rudderham</a>",BSU,20,4,4,0,1,0,1,0,0,0,0,.250,.250,.250,.500,.231,-.02
"<a href=""https://www.baseball-reference.com/players/r/ryanjo02.shtml"">John Ryan</a>",BLU,?,27,25,2,2,0,2,0,2,0,0,.080,.148,.080,.228,.122,-.25
"<a href=""https://www.baseball-reference.com/players/r/ryanjo03.shtml"">Dan Sheahan</a>",2,?,36,34,2,5,0,7,0,2,0,0,.147,.194,.206,.400,.169,-.22
"<a href=""https://www.baseball-reference.com/players/r/ryderto01.shtml"">Tom Ryder</a>",SLU,21,30,28,4,7,0,8,0,2,0,0,.250,.300,.286,.586,.277,-.01
"<a href=""https://www.baseball-reference.com/players/s/santred01.shtml"">Edward Santry</a>",DTN,?,23,22,1,4,0,4,0,1,0,2,.182,.217,.182,.399,.192,-.12
"<a href=""https://www.baseball-reference.com/players/s/sayji01.shtml"">Jimmy Say</a>",2,?,68,67,3,15,0,20,0,1,0,0,.224,.235,.299,.534,.215,-.41
"<a href=""https://www.baseball-reference.com/players/s/saylo01.shtml"">Lou Say</a>",2,30,422,409,71,95,3,124,0,13,0,0,.232,.256,.303,.559,.241,-1.17
"<a href=""https://www.baseball-reference.com/players/s/scanlpa01.shtml"">Pat Scanlon</a>",BSU,23,24,24,2,7,0,8,0,0,0,0,.292,.292,.333,.625,.286,.01
"<a href=""https://www.baseball-reference.com/players/s/schenbi01.shtml"">Bill Schenck</a>",RIC,29,153,151,14,31,3,44,0,1,0,0,.205,.216,.291,.507,.230,-.23
"<a href=""https://www.baseball-reference.com/players/s/schoeju01.shtml"">Jumbo Schoeneck</a>",2,22,434,426,61,131,2,165,0,8,0,0,.308,.320,.387,.708,.300,2.63
"<a href=""https://www.baseball-reference.com/players/s/schwabi01.shtml"">Bill Schwartz</a>",CNU,20,109,106,14,25,1,32,0,3,0,0,.236,.257,.302,.559,.257,-.32
"<a href=""https://www.baseball-reference.com/players/s/scott01.shtml""> Scott</a>",BLU,?,55,53,10,12,1,18,0,2,0,0,.226,.255,.340,.594,.270,-.21
"<a href=""https://www.baseball-reference.com/players/s/scottmi01.shtml"">Milt Scott</a>",DTN,23,447,438,29,108,3,144,50,9,0,62,.247,.262,.329,.591,.269,1.19
"<a href=""https://www.baseball-reference.com/players/s/seeryem01.shtml"">Emmett Seery</a>",2,23,488,467,115,146,2,192,0,21,0,0,.313,.342,.411,.753,.313,1.74
"<a href=""https://www.baseball-reference.com/players/s/seradbi01.shtml"">Billy Serad</a>",BFN,22,140,137,12,24,0,28,9,3,0,33,.175,.193,.204,.397,.185,-.92
"<a href=""https://www.baseball-reference.com/players/s/sextoto01.shtml"">Tom Sexton</a>",MLU,19,51,47,9,11,0,13,0,4,0,0,.234,.294,.277,.571,.272,.60
"<a href=""https://www.baseball-reference.com/players/s/shafffr01.shtml"">Frank Shaffer</a>",ALT,24,19,19,1,3,0,3,0,0,0,0,.158,.158,.158,.316,.146,-.17
"<a href=""https://www.baseball-reference.com/players/s/shaffor01.shtml"">Orator Shafer</a>",SLU,32,497,467,130,168,2,234,0,30,0,0,.360,.398,.501,.899,.407,.00
"<a href=""https://www.baseball-reference.com/players/s/shaffta01.shtml"">Taylor Shafer</a>",3,17,250,232,29,47,0,56,0,18,0,0,.203,.260,.241,.501,.226,-.59
"<a href=""https://www.baseball-reference.com/players/s/shallgu01.shtml"">Gus Shallix</a>",CN2,26,88,84,3,3,0,3,3,4,0,0,.036,.080,.036,.115,.064,-1.23
"<a href=""https://www.baseball-reference.com/players/s/shawdu01.shtml"">Dupee Shaw</a>",2,25,298,289,29,63,1,80,8,9,0,21,.218,.242,.277,.518,.232,-.51
"<a href=""https://www.baseball-reference.com/players/s/shoupjo01.shtml"">John Shoup</a>",WSU,32,4,4,1,3,0,3,0,0,0,0,.750,.750,.750,1.500,.694,.19
"<a href=""https://www.baseball-reference.com/players/s/siegejo01.shtml"">Fred Siegel</a>",PHU,?,32,31,4,7,0,9,0,1,0,0,.226,.250,.290,.540,.249,-.23
"<a href=""https://www.baseball-reference.com/players/s/siffefr01.shtml"">Frank Siffell</a>",PH4,20,18,17,3,3,0,4,3,0,0,0,.176,.222,.235,.458,.218,-.22
"<a href=""https://www.baseball-reference.com/players/s/sixsmed01.shtml"">Ed Sixsmith</a>",PHI,21,2,2,0,0,0,0,0,0,0,0,.000,.000,.000,.000,.000,-.11
"<a href=""https://www.baseball-reference.com/players/s/skinnal01.shtml"">Al Skinner</a>",2,?,6,6,1,2,0,2,0,0,0,0,.333,.333,.333,.667,.308,.00
"<a href=""https://www.baseball-reference.com/players/s/sladear01.shtml"">Art Sladen</a>",BSU,24,7,7,0,0,0,0,0,0,0,0,.000,.000,.000,.000,.000,-.15
"<a href=""https://www.baseball-reference.com/players/s/slattmi01.shtml"">Mike Slattery</a>",BSU,17,417,413,60,86,0,96,0,4,0,0,.208,.216,.232,.448,.207,-1.72
"<a href=""https://www.baseball-reference.com/players/s/smith01.shtml""> Smith</a>",BLU,?,5,5,1,1,0,1,0,0,0,0,.200,.200,.200,.400,.185,-.04
"<a href=""https://www.baseball-reference.com/players/s/smithbi02.shtml"">Bill Smith</a>",CL2,?,3,3,0,0,0,0,0,0,0,2,.000,.000,.000,.000,.000,-.08
"<a href=""https://www.baseball-reference.com/players/s/smithed01.shtml"">Edgar Smith</a>",WS7,22,58,57,5,5,0,7,0,1,0,0,.088,.103,.123,.226,.105,-.65
"<a href=""https://www.baseball-reference.com/players/s/smithed05.shtml"">Ed Smith</a>",BLU,20,36,34,2,5,0,5,0,2,0,0,.147,.194,.147,.342,.169,-.21
"<a href=""https://www.baseball-reference.com/players/s/smithfr01.shtml"">Frank Smith</a>",PT1,26,36,36,3,9,0,11,0,0,0,0,.250,.250,.306,.556,.252,-.07
"<a href=""https://www.baseball-reference.com/players/s/smithge01.shtml"">Germany Smith</a>",2,25,402,399,40,108,4,152,26,3,0,45,.271,.276,.381,.657,.286,1.53
"<a href=""https://www.baseball-reference.com/players/s/smithph01.shtml"">Phenomenal Smith</a>",2,19,8,8,1,1,0,1,0,0,0,0,.125,.125,.125,.250,.116,-.08
"<a href=""https://www.baseball-reference.com/players/s/smithpo01.shtml"">Pop Smith</a>",CL5,27,477,445,78,106,6,162,0,20,0,0,.238,.289,.364,.653,.300,.00
"<a href=""https://www.baseball-reference.com/players/s/sneedjo01.shtml"">John Sneed</a>",IN2,?,108,102,14,22,1,29,0,6,0,0,.216,.259,.284,.544,.254,.00
"<a href=""https://www.baseball-reference.com/players/s/snydepo01.shtml"">Pop Snyder</a>",CN2,29,275,268,32,69,0,96,39,7,0,0,.257,.276,.358,.635,.287,1.64
"<a href=""https://www.baseball-reference.com/players/s/snydere01.shtml"">Redleg Snyder</a>",WIL,29,53,52,4,10,0,10,0,1,0,0,.192,.208,.192,.400,.188,-.22
"<a href=""https://www.baseball-reference.com/players/s/sommejo01.shtml"">Joe Sommer</a>",BL2,25,495,479,96,129,4,172,0,8,0,0,.269,.293,.359,.652,.298,.00
"<a href=""https://www.baseball-reference.com/players/s/stanljo01.shtml"">Joe Stanley</a>",BLU,?,21,21,3,5,0,6,0,0,0,0,.238,.238,.286,.524,.239,-.18
"<a href=""https://www.baseball-reference.com/players/s/startjo01.shtml"">Joe Start</a>",PRO,41,416,381,80,105,2,131,32,35,0,25,.276,.337,.344,.680,.318,3.08
"<a href=""https://www.baseball-reference.com/players/s/stearec01.shtml"">Dan Stearns</a>",BL2,22,430,396,61,94,3,121,0,28,0,0,.237,.298,.306,.603,.284,.73
"<a href=""https://www.baseball-reference.com/players/s/stockle01.shtml"">Len Stockwell</a>",LS2,24,9,9,0,1,0,1,0,0,0,0,.111,.111,.111,.222,.103,-.19
"<a href=""https://www.baseball-reference.com/players/s/stoveha01.shtml"">Harry Stovey</a>",PH4,27,478,448,124,146,10,244,83,26,0,0,.326,.368,.545,.913,.406,.00
"<a href=""https://www.baseball-reference.com/players/s/straujo02.shtml"">Joe Strauss</a>",KCU,25,61,60,4,12,0,15,0,1,0,0,.200,.213,.250,.463,.213,.00
"<a href=""https://www.baseball-reference.com/players/s/striccu01.shtml"">Cub Stricker</a>",PH4,25,419,399,59,92,1,133,0,19,0,0,.231,.267,.333,.601,.275,.00
"<a href=""https://www.baseball-reference.com/players/s/striege01.shtml"">George Strief</a>",4,27,342,322,35,61,2,88,0,20,0,5,.189,.237,.273,.510,.216,-.59
"<a href=""https://www.baseball-reference.com/players/s/struval01.shtml"">Al Strueve</a>",SL4,24,7,7,2,2,0,2,0,0,0,0,.286,.286,.286,.571,.264,-.09
"<a href=""https://www.baseball-reference.com/players/s/suckto01.shtml"">Tony Suck</a>",2,25,211,198,20,31,0,33,0,13,0,0,.157,.209,.167,.375,.181,-.78
"<a href=""https://www.baseball-reference.com/players/s/sullida01.shtml"">Dan Sullivan</a>",LS2,27,257,247,27,59,0,79,26,9,0,0,.239,.268,.320,.588,.270,1.30
"<a href=""https://www.baseball-reference.com/players/s/sullifl01.shtml"">Fleury Sullivan</a>",PT1,?,194,189,14,29,0,33,0,5,0,0,.153,.175,.175,.350,.165,-1.10
"<a href=""https://www.baseball-reference.com/players/s/sullipa01.shtml"">Pat Sullivan</a>",KCU,22,118,114,15,22,0,27,0,4,0,0,.193,.220,.237,.457,.213,-.54
"<a href=""https://www.baseball-reference.com/players/s/sullisl01.shtml"">Sleeper Sullivan</a>",SLU,?,4,4,0,0,0,0,0,0,0,0,.000,.000,.000,.000,.000,-.07
"<a href=""https://www.baseball-reference.com/players/s/sullite01.shtml"">Ted Sullivan</a>",KCU,?,10,9,0,3,0,3,0,1,0,0,.333,.400,.333,.733,.350,-.02
"<a href=""https://www.baseball-reference.com/players/s/sullito01.shtml"">Tom Sullivan</a>",CL5,24,12,11,1,1,0,1,0,1,0,0,.091,.167,.091,.258,.137,-.09
"<a href=""https://www.baseball-reference.com/players/s/sulliwi01.shtml"">William Sullivan</a>",SLU,20,5,5,0,1,0,1,0,0,0,0,.200,.200,.200,.400,.185,-.04
"<a href=""https://www.baseball-reference.com/players/s/sundabi01.shtml"">Billy Sunday</a>",CHN,21,180,176,25,39,4,57,28,4,0,36,.222,.239,.324,.563,.255,.00
"<a href=""https://www.baseball-reference.com/players/s/sutclsy01.shtml"">Sy Sutcliffe</a>",CHN,22,17,15,4,3,0,4,2,2,0,4,.200,.294,.267,.561,.271,.00
"<a href=""https://www.baseball-reference.com/players/s/suttoez01.shtml"">Ezra Sutton</a>",BSN,34,497,468,102,162,3,213,61,29,0,22,.346,.384,.455,.839,.383,6.16
"<a href=""https://www.baseball-reference.com/players/s/swanan01.shtml"">Andy Swan</a>",2,25,31,31,5,8,0,9,0,0,0,0,.258,.258,.290,.548,.239,-.39
"<a href=""https://www.baseball-reference.com/players/s/swarted01.shtml"">Ed Swartwood</a>",PT1,25,447,399,74,115,0,146,0,33,0,0,.288,.365,.366,.731,.343,1.62
"<a href=""https://www.baseball-reference.com/players/s/sweenbi01.shtml"">Bill Sweeney</a>",BLU,?,305,296,35,71,0,78,0,9,0,0,.240,.262,.264,.526,.246,-.17
"<a href=""https://www.baseball-reference.com/players/s/sweench01.shtml"">Charlie Sweeney</a>",2,21,360,339,55,104,2,137,19,21,0,17,.307,.347,.404,.751,.335,2.41
"<a href=""https://www.baseball-reference.com/players/s/sweenje01.shtml"">Jerry Sweeney</a>",KCU,26,133,129,16,34,0,37,0,4,0,0,.264,.286,.287,.573,.267,.19
"<a href=""https://www.baseball-reference.com/players/s/sweenro01.shtml"">Rooney Sweeney</a>",BLU,25,201,186,37,42,0,51,0,15,0,0,.226,.284,.274,.558,.264,-.30
"<a href=""https://www.baseball-reference.com/players/s/sylvelo01.shtml"">Lou Sylvester</a>",CNU,29,351,333,67,89,2,124,0,18,0,0,.267,.305,.372,.677,.309,.00
"<a href=""https://www.baseball-reference.com/players/t/taylobi01.shtml"">Billy Taylor</a>",2,?,307,297,52,96,3,140,0,9,0,0,.323,.345,.471,.817,.337,2.58
"<a href=""https://www.baseball-reference.com/players/t/tayloli01.shtml"">Live Oak Taylor</a>",PT1,33,161,152,22,32,0,38,0,6,0,0,.211,.255,.250,.505,.239,-.65
"<a href=""https://www.baseball-reference.com/players/t/tennefr01.shtml"">Fred Tenney</a>",3,24,23,23,1,2,0,2,0,0,0,0,.087,.087,.087,.174,.080,-.25
"<a href=""https://www.baseball-reference.com/players/t/terryad01.shtml"">Adonis Terry</a>",BR3,19,244,236,15,55,0,71,0,8,0,0,.233,.258,.301,.559,.257,.00
"<a href=""https://www.baseball-reference.com/players/t/thomptu01.shtml"">Tug Thompson</a>",IN2,27,99,97,10,20,0,23,0,2,0,0,.206,.222,.237,.459,.213,-.89
"<a href=""https://www.baseball-reference.com/players/t/tiernbi01.shtml"">Bill Tierney</a>",BLU,26,4,3,0,1,0,1,0,1,0,0,.333,.500,.333,.833,.412,.03
"<a href=""https://www.baseball-reference.com/players/t/tillejo01.shtml"">John Tilley</a>",2,29,90,82,7,14,0,17,0,7,0,0,.171,.244,.207,.452,.213,-.46
"<a href=""https://www.baseball-reference.com/players/t/tinneth01.shtml"">Thomas Tinney</a>",WSU,?,125,119,17,28,0,33,0,6,0,0,.235,.272,.277,.549,.257,-.15
"<a href=""https://www.baseball-reference.com/players/t/traffbi01.shtml"">Bill Traffley</a>",BL2,24,214,210,25,37,0,53,0,3,0,0,.176,.192,.252,.444,.201,-.91
"<a href=""https://www.baseball-reference.com/players/t/trayji01.shtml"">Jim Tray</a>",IN2,24,23,21,2,6,0,6,0,2,0,0,.286,.348,.286,.634,.304,-.15
"<a href=""https://www.baseball-reference.com/players/t/trottsa01.shtml"">Sam Trott</a>",BL2,27,290,284,36,73,3,117,0,4,0,0,.257,.272,.412,.684,.305,1.95
"<a href=""https://www.baseball-reference.com/players/t/troyda01.shtml"">Dasher Troy</a>",NY4,28,443,421,80,111,2,159,0,19,0,0,.264,.300,.378,.678,.309,2.29
"<a href=""https://www.baseball-reference.com/players/t/trumbed01.shtml"">Ed Trumbull</a>",WS7,23,88,86,5,10,0,12,0,2,0,0,.116,.136,.140,.276,.130,-.83
"<a href=""https://www.baseball-reference.com/players/t/turbije01.shtml"">Jerry Turbidy</a>",KCU,31,52,49,5,11,0,15,0,3,0,0,.224,.269,.306,.575,.267,.00
"<a href=""https://www.baseball-reference.com/players/v/vadebge01.shtml"">Gene Vadeboncoeur</a>",PHI,24,15,14,1,3,0,3,3,1,0,2,.214,.267,.214,.481,.233,-.17
"<a href=""https://www.baseball-reference.com/players/v/veachpe01.shtml"">Peek-A-Boo Veach</a>",KCU,22,91,82,9,11,1,15,0,9,0,0,.134,.220,.183,.403,.200,-.40
"<a href=""https://www.baseball-reference.com/players/v/vintobi01.shtml"">Bill Vinton</a>",PHI,19,81,78,9,9,0,10,4,3,0,21,.115,.148,.128,.276,.134,.00
"<a href=""https://www.baseball-reference.com/players/v/vossal01.shtml"">Alex Voss</a>",2,26,295,290,34,51,0,60,0,5,0,0,.176,.190,.207,.397,.172,-.90
"<a href=""https://www.baseball-reference.com/players/w/walkefl01.shtml"">Fleet Walker</a>",TL1,27,166,152,23,40,0,48,0,8,0,0,.263,.325,.316,.641,.303,-.05
"<a href=""https://www.baseball-reference.com/players/w/walkeos01.shtml"">Oscar Walker</a>",BR3,30,394,382,59,103,2,137,0,9,0,0,.270,.292,.359,.651,.297,.71
"<a href=""https://www.baseball-reference.com/players/w/walkewa01.shtml"">Walt Walker</a>",DTN,24,4,4,1,1,0,1,0,0,0,0,.250,.250,.250,.500,.231,.01
"<a href=""https://www.baseball-reference.com/players/w/walkewe01.shtml"">Welday Walker</a>",TL1,23,18,18,1,4,0,5,2,0,0,0,.222,.222,.278,.500,.227,-.08
"<a href=""https://www.baseball-reference.com/players/w/wardjo01.shtml"">John Ward</a>",NY1,24,510,482,98,122,2,155,51,28,0,47,.253,.294,.322,.616,.285,1.36
"<a href=""https://www.baseball-reference.com/players/w/wardjo02.shtml"">John Ward</a>",WSU,?,4,4,0,1,0,1,0,0,0,0,.250,.250,.250,.500,.231,-.02
"<a href=""https://www.baseball-reference.com/players/w/warnefr01.shtml"">Fred Warner</a>",BR3,29,370,352,40,78,1,85,0,17,0,0,.222,.259,.241,.501,.238,-.66
"<a href=""https://www.baseball-reference.com/players/w/watkibi01.shtml"">Bill Watkins</a>",IN2,26,133,127,16,26,0,30,0,5,0,0,.205,.241,.236,.477,.225,-.32
"<a href=""https://www.baseball-reference.com/players/w/weavesa01.shtml"">Sam Weaver</a>",PHU,28,86,84,11,18,0,20,0,2,0,0,.214,.233,.238,.471,.219,.01
"<a href=""https://www.baseball-reference.com/players/w/weberha01.shtml"">Harry Weber</a>",IN2,22,9,8,0,0,0,0,0,0,0,0,.000,.111,.000,.111,.084,-.42
"<a href=""https://www.baseball-reference.com/players/w/weberjo01.shtml"">Joe Weber</a>",DTN,22,8,8,0,0,0,0,0,0,0,2,.000,.000,.000,.000,.000,-.16
"<a href=""https://www.baseball-reference.com/players/w/weihepo01.shtml"">Podge Weihe</a>",IN2,21,265,256,29,65,4,94,0,9,0,0,.254,.279,.367,.646,.293,.33
"<a href=""https://www.baseball-reference.com/players/w/welchcu01.shtml"">Curt Welch</a>",TL1,22,439,425,61,95,0,129,0,10,0,0,.224,.248,.304,.552,.253,.00
"<a href=""https://www.baseball-reference.com/players/w/welchmi01.shtml"">Mickey Welch</a>",NY1,24,265,249,47,60,3,89,29,16,0,49,.241,.287,.357,.644,.295,.24
"<a href=""https://www.baseball-reference.com/players/w/werdepe01.shtml"">Perry Werden</a>",SLU,22,78,76,7,18,0,20,0,2,0,0,.237,.256,.263,.520,.242,.05
"<a href=""https://www.baseball-reference.com/players/w/werrijo01.shtml"">Joe Werrick</a>",SPU,22,28,27,3,2,0,2,0,1,0,0,.074,.107,.074,.181,.092,-.14
"<a href=""https://www.baseball-reference.com/players/w/westbu01.shtml"">Buck West</a>",CN2,23,133,131,20,32,1,53,15,2,0,0,.244,.256,.405,.660,.292,-.28
"<a href=""https://www.baseball-reference.com/players/w/wheelha01.shtml"">Harry Wheeler</a>",4,26,316,308,43,75,1,94,0,8,0,0,.244,.263,.305,.568,.244,.03
"<a href=""https://www.baseball-reference.com/players/w/whitebi02.shtml"">Bill White</a>",PT1,24,305,291,25,66,0,93,0,13,0,0,.227,.262,.320,.582,.266,.31
"<a href=""https://www.baseball-reference.com/players/w/whitede01.shtml"">Deacon White</a>",BFN,36,484,452,82,147,5,200,74,32,0,13,.325,.370,.442,.812,.370,4.94
"<a href=""https://www.baseball-reference.com/players/w/whitegu01.shtml"">Guerdon Whiteley</a>",CL2,24,35,34,4,5,0,5,0,1,0,8,.147,.171,.147,.318,.153,-.35
"<a href=""https://www.baseball-reference.com/players/w/whitemi01.shtml"">Milt Whitehead</a>",2,?,423,415,63,86,1,106,0,8,0,0,.207,.222,.255,.478,.205,-.62
"<a href=""https://www.baseball-reference.com/players/w/whitewa01.shtml"">Warren White</a>",WSU,?,18,18,2,1,0,1,0,0,0,0,.056,.056,.056,.111,.051,-.35
"<a href=""https://www.baseball-reference.com/players/w/whitewi01.shtml"">Will White</a>",CN2,29,195,184,28,35,1,43,11,10,0,0,.190,.236,.234,.470,.223,-.46
"<a href=""https://www.baseball-reference.com/players/w/whitied01.shtml"">Ed Whiting</a>",LS2,?,168,157,16,35,0,48,18,9,0,0,.223,.274,.306,.580,.270,.37
"<a href=""https://www.baseball-reference.com/players/w/whitnar01.shtml"">Art Whitney</a>",PT1,26,95,94,10,28,0,32,0,1,0,0,.298,.305,.340,.646,.297,.55
"<a href=""https://www.baseball-reference.com/players/w/whitnji01.shtml"">Jim Whitney</a>",BSN,26,286,270,41,70,3,106,40,16,0,38,.259,.301,.393,.693,.315,.98
"<a href=""https://www.baseball-reference.com/players/w/wiedmst01.shtml"">Stump Weidman</a>",DTN,23,313,300,24,49,0,55,26,13,0,41,.163,.198,.183,.381,.182,-2.03
"<a href=""https://www.baseball-reference.com/players/w/wiley01.shtml"">Joseph Wiley</a>",WSU,27,4,4,0,0,0,0,0,0,0,0,.000,.000,.000,.000,.000,-.08
"<a href=""https://www.baseball-reference.com/players/w/willine01.shtml"">Ned Williamson</a>",CHN,26,459,417,84,116,27,231,84,42,0,56,.278,.344,.554,.898,.396,6.30
"<a href=""https://www.baseball-reference.com/players/w/williwa01.shtml"">Wash Williams</a>",RIC,?,8,8,0,2,0,2,0,0,0,0,.250,.250,.250,.500,.231,-.02
"<a href=""https://www.baseball-reference.com/players/w/wills01.shtml""> Wills</a>",2,?,36,36,3,5,0,8,0,0,0,0,.139,.139,.222,.361,.139,-.09
"<a href=""https://www.baseball-reference.com/players/w/wilsotu01.shtml"">Tug Wilson</a>",BR3,?,87,82,13,19,0,23,0,5,0,0,.232,.276,.280,.556,.261,-.36
"<a href=""https://www.baseball-reference.com/players/w/wisebi01.shtml"">Bill Wise</a>",WSU,23,351,339,51,79,2,104,0,12,0,0,.233,.259,.307,.566,.260,.33
"<a href=""https://www.baseball-reference.com/players/w/wisesa01.shtml"">Sam Wise</a>",BSN,26,451,426,60,91,4,136,41,25,0,104,.214,.257,.319,.576,.265,1.09
"<a href=""https://www.baseball-reference.com/players/w/wolfji01.shtml"">Chicken Wolf</a>",LS2,22,493,486,79,146,3,201,73,4,0,0,.300,.310,.414,.724,.327,2.67
"<a href=""https://www.baseball-reference.com/players/w/woodfr01.shtml"">Fred Wood</a>",DTN,22,45,42,4,2,0,2,1,3,0,18,.048,.111,.048,.159,.089,-1.05
"<a href=""https://www.baseball-reference.com/players/w/woodge01.shtml"">George Wood</a>",DTN,25,512,473,79,119,8,179,29,39,0,75,.252,.309,.378,.687,.315,.00
"<a href=""https://www.baseball-reference.com/players/w/woulfji01.shtml"">Jimmy Woulfe</a>",2,24,88,87,10,11,0,14,3,1,0,0,.126,.136,.161,.297,.128,-1.00
"<a href=""https://www.baseball-reference.com/players/w/wymanfr01.shtml"">Willis Wyman</a>",2,24,135,132,17,30,0,34,0,3,0,0,.227,.244,.258,.502,.222,-.31
"<a href=""https://www.baseball-reference.com/players/y/yeweled01.shtml"">Ed Yewell</a>",2,21,99,97,14,23,0,28,0,1,0,0,.237,.253,.289,.541,.230,-.17
"<a href=""https://www.baseball-reference.com/players/y/yorkto01.shtml"">Tom York</a>",BL2,33,358,314,64,70,1,101,0,34,0,0,.223,.318,.322,.640,.304,.36
"<a href=""https://www.baseball-reference.com/players/z/zimmech01.shtml"">Chief Zimmer</a>",DTN,23,30,29,0,2,0,3,0,1,0,14,.069,.100,.103,.203,.099,-.56
